station_co,district_n,x,y
1129,7,563030.95,3615891.13
1154,7,564271.98,3615841.64
1155,7,564024.45,3615856.68
1190,7,563032.43,3615642.03
1212,7,563608.63,3615871.86
1213,7,564015.37,3615840.54
1280,7,562955.9,3615215.06
1342,7,563705.97,3615839.22
1344,7,563026.48,3615204.09
1345,7,563267.95,3615451.18
1346,7,563492.64,3615711.25
1347,7,563009.51,3615663.51
1397,7,563135.62,3616859.4
1399,7,563240.36,3617549.18
1476,7,563636.12,3615985.45
1477,7,563544.94,3616345.61
1478,7,563602.83,3616557.95
1479,7,563772.98,3616911.14
1482,7,564832.39,3618487.14
1487,7,564849.71,3619854.19
1488,7,564893.37,3619311.58
1489,7,564844.29,3618918.03
1491,7,564806.01,3618464.68
1493,7,563666.05,3617534.5
1494,7,563676.43,3617217.27
1495,7,563743.63,3616927.13
1496,7,563624.51,3616613.07
1497,7,563500.55,3616396.88
1498,7,563407.21,3615904.83
1626,7,563119,3615888.25
1690,7,563364.17,3619582.19
1750,7,564570.48,3621748.25
1885,7,563039.66,3615640.08
1887,7,563047.27,3615638.14
2049,7,563064.58,3616146.77
2051,7,563397.92,3619565.45
2240,7,563460.58,3618736.71
2241,7,563296.26,3617927.69
2242,7,563857.72,3617846.81
2243,7,564253.5,3617948.13
2244,7,564483.9,3619336.3
2246,7,563870.27,3617848.88
2247,7,563607.96,3617778.91
2306,7,563394.26,3619228.73
2310,7,563369.74,3618915.39
2311,7,563509.68,3619603.41
2318,7,564002.54,3619187.62
2319,7,563919.58,3619116.8
2320,7,564357.87,3619331.05
2321,7,564324.1,3619277.17
2322,7,564689.85,3619461.14
2323,7,564716.76,3619431.38
2426,7,565898.71,3617640.73
2584,7,565587.19,3617300.65
2586,7,565382.39,3617081.56
2588,7,565273.92,3616967.44
2594,7,565303.58,3617605.09
2597,7,564841.28,3617554.62
2599,7,564541,3617528.83
2600,7,564616.72,3617591.18
2601,7,564067.96,3617501.05
2602,7,564029.91,3617557.23
2603,7,563656.02,3617476.01
2605,7,563350.1,3617452.1
2607,7,563157.53,3617056.65
2609,7,563096.34,3616459.94
2612,7,563267.82,3618007.22
2627,7,563729.66,3618915.36
2628,7,563512.28,3618786.48
2634,7,563292.4,3618254.49
2702,7,564490.13,3619964.6
2703,7,563333.9,3618655.52
2706,7,563624.49,3615868.52
2708,7,563836.96,3618480.58
2709,7,563717.86,3618548.56
2710,7,564126.63,3618578.35
2711,7,563933.19,3618530.76
2712,7,564328.44,3618635.64
2713,7,564276.83,3618645.17
2714,7,564728.97,3618606.53
2715,7,564731.33,3618632.71
2737,7,564953.95,3616652.16
2744,7,563374.28,3619673.17
2760,7,562430.15,3621396.09
2781,7,564547.57,3615995.86
2784,7,565816.26,3617548.28
2839,7,564230.88,3618141.22
2840,7,564095.02,3618422.27
2841,7,563959.77,3618653.99
2842,7,563837.24,3618904.3
2843,7,563709.44,3619321.21
2844,7,563646.29,3619508.06
2845,7,564004.49,3619772.66
2846,7,564362.58,3619891.38
2854,7,564836.74,3620076.17
2855,7,564328.62,3619911
2857,7,563490.31,3619627.79
2858,7,563612.51,3619529.02
2859,7,563690.6,3619291.38
2861,7,563944.63,3618647.02
2862,7,564091.09,3618376.79
2863,7,564209.32,3618139.86
2864,7,564260.94,3618015.14
2873,7,564768.33,3616478.44
2915,7,563424.72,3617524.64
2921,7,565664.39,3617635.07
2959,7,565899.19,3617652.26
2984,7,564537.19,3618867.14
2985,7,564120.61,3618785.73
2986,7,563810.59,3618748.15
2987,7,563833.31,3618713.82
2988,7,564208.93,3618767.23
2989,7,564583.31,3618822.54
3134,7,563874.86,3619759.19
3135,7,563838.31,3620065.82
3136,7,563796.04,3620094.93
3137,7,563740.71,3620260.98
3139,7,563806.03,3620320.49
3140,7,563935.51,3620383.51
3141,7,563998.09,3620445.45
3143,7,564024.23,3620678.98
3144,7,564001,3620691.58
3145,7,563993.73,3620904.5
3146,7,563948.38,3620961.3
3147,7,563286.89,3620884.89
3148,7,563781.39,3621033.51
3149,7,562903.65,3620834.35
3150,7,563349.3,3621237.06
3151,7,563168.51,3620328.5
3153,7,562997.08,3620582.06
3155,7,562824.03,3620946.92
3156,7,562948.68,3621195.38
3157,7,562788.24,3620857.12
3161,7,562782.51,3621762.5
3162,7,562094.39,3622414.81
3163,7,562154.57,3622380.82
3164,7,562095.15,3622533
3265,7,563017.69,3621351.25
3266,7,563271.98,3621239.67
3267,7,564665.49,3620367.62
3269,7,563608.05,3617427.59
3270,7,563764.27,3616822.39
3399,7,564866.01,3621276.01
3609,7,563617.09,3615984.55
3651,7,563041.91,3621374.57
3784,7,563668.25,3617307.69
3891,7,563937.56,3619803.16
3892,7,563773.16,3620957.63
3904,7,562005.69,3622754.5
3905,7,562030.51,3622606.87
3939,7,564688.93,3620380.41
3942,7,564736.73,3620667.19
3949,7,565560.72,3621638.22
3950,7,565553.06,3621648.48
3985,7,565104.33,3620815.93
3986,7,565386.44,3620953.71
3987,7,565133.41,3620855.37
3988,7,564864.39,3620749.62
4000,7,564555.13,3620736.63
4001,7,564451.85,3621025.2
4002,7,564718.49,3621265.62
4005,7,564681.61,3621517.6
4006,7,564695.23,3621297.84
4007,7,564409.39,3621056.52
4009,7,565566.82,3620600.91
4010,7,565579.16,3620364.52
4011,7,565193.7,3620206.77
4048,7,565048.03,3621384.96
4049,7,564779.03,3620129
4058,7,565382.19,3620929.4
4059,7,564516.88,3620766.31
4060,7,564756.03,3620121.98
4133,7,566251.15,3622003.44
1101,1,561044.74,3615373.88
1102,1,561496.22,3615342.29
1103,1,561813.91,3615294.04
1104,1,562111.72,3615246.56
1105,1,562292.96,3615218.21
1106,1,562505.64,3615185.51
1107,1,562902.41,3615015.17
1108,1,562862.53,3614648.08
1109,1,562813.31,3614186.8
1110,1,562758.76,3613676.28
1111,1,562579.05,3612307.22
1131,1,562813.24,3614390.01
1132,1,562799.63,3614393.03
1138,1,562449.96,3614405.58
1142,1,562464.8,3614402.01
1143,1,562470.11,3613152.75
1144,1,562417.95,3612346.68
1145,1,562435.65,3612604.87
1146,1,562395.34,3612452.19
1147,1,562418.77,3612784.7
1148,1,562434.54,3613021.71
1156,1,561919.26,3614426.21
1157,1,561930.55,3614421.51
1159,1,561424.97,3614444.98
1163,1,561441.12,3614440.76
1164,1,560976.3,3615281.78
1165,1,561008.3,3614987.08
1166,1,561083.64,3614367.72
1167,1,561157.72,3614077.39
1168,1,561224.12,3613802.41
1169,1,561229.23,3613535.16
1170,1,561230.58,3613179.3
1171,1,561232.57,3612855.6
1172,1,561232.29,3612580.11
1173,1,561232.47,3612246.53
1174,1,561250.21,3612183.11
1175,1,561245.62,3612547.82
1176,1,561248.64,3612880.09
1177,1,561246.72,3613299.8
1178,1,561244.73,3613774.83
1179,1,561043.8,3614458.05
1180,1,561070.85,3614542.69
1181,1,561026.61,3614952.16
1182,1,560985.85,3615360.55
1184,1,561059.49,3614452.16
1185,1,561180.82,3614438.49
1216,1,561328.16,3612090.91
1217,1,561939.18,3612023.63
1218,1,562273.2,3612110.52
1219,1,561406.06,3614392.98
1234,1,561412.95,3614097.69
1238,1,561423.75,3614080.58
1239,1,561150,3614463.8
1244,1,561905.83,3614022.59
1251,1,561908.17,3614039.45
1258,1,562429.65,3613980.96
1259,1,562284.76,3612137.2
1260,1,561917.19,3612045.23
1261,1,561397.11,3612103.09
1268,1,561290.11,3613213.04
1269,1,561529.79,3613188.13
1270,1,561829.46,3613153.18
1271,1,562160.27,3613118.66
1272,1,562386.63,3613094.13
1276,1,562083.29,3613145.45
1277,1,561825.67,3613159.37
1288,1,562429.63,3613999.58
1289,1,561392.46,3614303.1
1294,1,562647.25,3613616.82
1295,1,562512.52,3613747.23
1298,1,562479.38,3613557.56
1299,1,562107.98,3613547.14
1300,1,561716.81,3613579.41
1301,1,561292.33,3613614.04
1302,1,562551.65,3613504.36
1370,1,561376.06,3613221.88
1396,1,560374.18,3612647.48
1503,1,561037.53,3614700.46
1506,1,561137.25,3614235.02
1548,1,561081.68,3613235.59
1549,1,561074.71,3615425.17
1702,1,561543.59,3614974.97
1703,1,562839.04,3615131.18
1715,1,561507.8,3614834.73
1716,1,561626.33,3615287.67
1717,1,561601.14,3615282.41
1718,1,561465.51,3614758.97
1740,1,562484.94,3613478.66
1741,1,562445.33,3613155.14
1895,1,560865.02,3615217.57
1896,1,560855.71,3615221.4
2145,1,560361.34,3614146.58
2147,1,560420.54,3613307.06
2149,1,560859.44,3613261.06
2152,1,560947.68,3614472.87
2153,1,560565.25,3614539.27
2161,1,561131.69,3612131.83
2162,1,560833.03,3612165.04
2163,1,560834.84,3612145.09
2164,1,560146.57,3611944.58
2165,1,560597.23,3612149.85
2166,1,560263.32,3611824.78
2250,1,560369.71,3613693.98
2616,1,562511.36,3613468.63
2725,1,560453.8,3611921.38
2735,1,560898.56,3615205.47
2793,1,560376.25,3613186.95
2799,1,560849.94,3613266.77
2800,1,560561.95,3614511.98
2808,1,560406.6,3613315.95
2816,1,560253.81,3612156.53
3830,1,560883.14,3615212.25
4180,1,560456.07,3614483.4
1378,2,559518.51,3616368.82
1379,2,559734.92,3616051.94
1380,2,559728.05,3615696.48
1381,2,559710.02,3615280.09
1382,2,559692.94,3614938.53
1383,2,559821.1,3614692.41
1384,2,559962.2,3614261.13
1385,2,559981.59,3614248.6
1386,2,559866.8,3614671.4
1387,2,559712.59,3614944.97
1388,2,559730.17,3615266.13
1389,2,559746.5,3615685.72
1390,2,559751.76,3616057.47
1391,2,559563.72,3616350.35
1502,2,560542.41,3615797.3
1591,2,559554.6,3615289.13
1592,2,557176.4,3615138.38
1593,2,559033.77,3614241.05
1594,2,557887.61,3614492.96
1625,2,560279.83,3615804.68
2035,2,560439.48,3614620.43
2157,2,560740.29,3615098.19
2160,2,560312.21,3615274.52
2167,2,560837.97,3615531.26
2173,2,559927.76,3616334.91
2174,2,559590.1,3616641.08
2176,2,559125.34,3617056.25
2200,2,560447.25,3615224.23
2201,2,560120.94,3615179.57
2202,2,559976.8,3615182.69
2203,2,559769.76,3615169.47
2204,2,559779.74,3615146.03
2205,2,559550.37,3615306.96
2207,2,559318.79,3615413
2208,2,559293.99,3615406.53
2209,2,559120.98,3615551.39
2210,2,559096.72,3615546.26
2211,2,558862.09,3615759.39
2212,2,558819.32,3615778.53
2213,2,558693.61,3615932.66
2214,2,558707.72,3615893.84
2256,2,560171.21,3614820.68
2273,2,559763.39,3615059.02
2731,2,560901.83,3615407.37
2776,2,559365.68,3616842.5
2798,2,560309.82,3614337.06
2962,2,557828.93,3614988.94
2963,2,558361.02,3614995.37
2964,2,558680.95,3614996.48
2965,2,559241.56,3614998.69
2966,2,559544.9,3614998.95
2967,2,559909.33,3615020.76
2968,2,560159.46,3614794.01
2994,2,559498.64,3615018.85
2995,2,559300.86,3615023.99
2996,2,558674.96,3615026.38
2997,2,558380.45,3615024.31
2998,2,557811.63,3615014.23
2999,2,557544.61,3614879.65
3121,2,557613.4,3615080.7
3122,2,557731.09,3615126.28
3123,2,557757.48,3615118.12
3124,2,558010.71,3615252.41
3125,2,558064.23,3615320.57
3126,2,558125.52,3615342.21
3127,2,558313.66,3615477.01
3262,2,557597.69,3615088.15
3554,2,557305.21,3615011.63
3556,2,557627.15,3614713.06
3560,2,558212.2,3614308.05
3562,2,558692.06,3614256.55
3564,2,559391.64,3614220.9
3566,2,559662.31,3614214.09
3568,2,560233.96,3614181.84
3642,2,558351.12,3615483.66
3644,2,558476.54,3615569.2
3646,2,558531.69,3615581.94
3647,2,558800.97,3615694.06
3648,2,558819.37,3615690.84
1262,11,557784.28,3618186.8
1263,11,557502.62,3618055.02
1264,11,557162.51,3617864.7
1265,11,556980.04,3617513.44
1266,11,557005.57,3617508.05
1267,11,557161.35,3617838.75
1281,11,557484.98,3618026.2
1282,11,557765.7,3618158.42
1296,11,557186.69,3618550.63
1317,11,556690.59,3617936.16
1333,11,555940.59,3617187.93
1334,11,555690.13,3616881.55
1335,11,555545.31,3616490.73
1336,11,555525.92,3615883
1357,11,555543.69,3615958.7
1373,11,555594.75,3616602.97
1374,11,555712.2,3616873.8
1375,11,556003.67,3617223.09
1376,11,556728.07,3617955.45
1377,11,557185.42,3618525.56
1501,11,556957.51,3618992.53
1596,11,556273.09,3616509.79
1599,11,556621.6,3617032.14
1600,11,556788.53,3617266.35
1601,11,556846.67,3617346.17
1602,11,556515.17,3616970.9
1603,11,556136.34,3615556.94
1604,11,556149.46,3615592.71
2178,11,558833.11,3617314.6
2180,11,558421.56,3617682.78
2194,11,558058.88,3618003.26
2215,11,558248.9,3616144.57
2216,11,558203.92,3616139.65
2217,11,558077.9,3616206.2
2219,11,557775.34,3616290.14
2220,11,557538.83,3616316.81
2221,11,557134.14,3616422.24
2222,11,557143.76,3616397.02
2223,11,556881.77,3616683.53
2224,11,556579.6,3616866.28
2225,11,556220.42,3616822.56
2226,11,556286.74,3616433.59
2227,11,556133.67,3616712.76
2228,11,556654.6,3616866.15
2230,11,556876.65,3616710.55
2231,11,557015.83,3616487.85
2233,11,557211.46,3618773.38
2248,11,556660.43,3615892.39
2249,11,556860.85,3616078.44
2251,11,557062.56,3616333.03
2252,11,557043.16,3616331.47
2254,11,556810.53,3616057.09
2255,11,556600.89,3615859.68
2441,11,556671.12,3619279.58
2442,11,557448.09,3618584.95
2444,11,557879.54,3618200.21
2445,11,557838.91,3618222.81
2449,11,558750.73,3617420.65
2491,11,558701.89,3617453.84
2764,11,556504.31,3615878.08
2791,11,557390.21,3618625.74
2802,11,557472.75,3616346.47
2803,11,556394.98,3616177.78
2804,11,556414.77,3616175.68
2805,11,557018.23,3616461.81
2833,11,556391.03,3616889.93
2957,11,557844.56,3616236
3283,11,557114.13,3617409.01
3291,11,558345.58,3617723.57
3292,11,557996.66,3617598.37
3293,11,557997.14,3617580.3
3294,11,557740.19,3617515.61
3295,11,557756.41,3617499.19
3296,11,557540.49,3617487.85
3545,11,555748.15,3615678.92
3546,11,555768.06,3615705.53
3547,11,556321.36,3615683.93
3548,11,556268.73,3615707.57
3549,11,556592.5,3615653.87
3550,11,556656.58,3615679.73
3552,11,556866.94,3615456.99
3573,11,556325.18,3619082.16
3578,11,556713.5,3619146.34
3697,11,557099.53,3617438.63
3707,11,557476.32,3617447.57
3754,11,556074.01,3618962.12
1099,3,563873.97,3612874.74
1100,3,563899.75,3612876.79
1113,3,563875.61,3612634.63
1114,3,565322.54,3612415.75
1116,3,562790.95,3613686.9
1117,3,562848.16,3614206.31
1118,3,562882.85,3614519.61
1119,3,562930.28,3614966.46
1134,3,564405.68,3615798.61
1135,3,564661.41,3615763.46
1137,3,565450.72,3615216.64
1139,3,563178.76,3614081.58
1140,3,563207.05,3613730.99
1150,3,565654.62,3613489.41
1151,3,565778.77,3613945.1
1153,3,562967.08,3612692.03
1158,3,564133.05,3614616.94
1183,3,563203.58,3613702.26
1194,3,565408.76,3614396.98
1195,3,565703.38,3614285.5
1196,3,565698.69,3614313.74
1197,3,565353.05,3614440.29
1201,3,563275.84,3614447.38
1202,3,563628.25,3614504.06
1206,3,564965.25,3614563.36
1207,3,564641.39,3614587.19
1208,3,565366.21,3612436.54
1209,3,565179.92,3611764.83
1210,3,565492.03,3612899.88
1211,3,565763.34,3613896.33
1220,3,562714.85,3612204.42
1221,3,563127.01,3611844.84
1222,3,563416.03,3611589.26
1223,3,563892.54,3611325.57
1224,3,564280.67,3611430.5
1225,3,564657.94,3611503.12
1226,3,564977.51,3611590.67
1227,3,565035.47,3611663.66
1228,3,564559.65,3611516.01
1229,3,563175.81,3614147.75
1230,3,564983.21,3614540.19
1231,3,564708.26,3614600.37
1232,3,563685.9,3614536.46
1235,3,564068.28,3613330.63
1236,3,562856.1,3612205.76
1240,3,564264.7,3614734.08
1241,3,564507.25,3615664.9
1243,3,564009.15,3613016.29
1245,3,565639.83,3613442.2
1246,3,565502.43,3612929.44
1247,3,564127.63,3613740.54
1248,3,564046.14,3613316.86
1249,3,565375.86,3612465.87
1250,3,565187.88,3611780.51
1252,3,563861.94,3612645.62
1253,3,564138.56,3614591.03
1254,3,564040.03,3611364.32
1255,3,563639.66,3611411.31
1256,3,563229.87,3611776.98
1257,3,562959.2,3612009.41
1278,3,562895.58,3612221.42
1279,3,562707.76,3612243.4
1283,3,565717.43,3614217.42
1284,3,565444.7,3614150.32
1285,3,565091.14,3614068.29
1286,3,564805.37,3614000.36
1287,3,564319.69,3613885.68
1291,3,563345.6,3613135.99
1292,3,563041.33,3613200.03
1293,3,562868.37,3613456.46
1303,3,562834.3,3613430.53
1304,3,563015.22,3613191.66
1305,3,563379.48,3612999.41
1306,3,563425.09,3612523.32
1307,3,563366.14,3612103.78
1308,3,563327.44,3611802.88
1309,3,563354.13,3611883.64
1310,3,563393.11,3612169.91
1311,3,563448.55,3612580.68
1312,3,563572.38,3612680.02
1313,3,564001.06,3612625.67
1314,3,564303.72,3612567.87
1315,3,564622.37,3612518.82
1316,3,565060.15,3612452.94
1318,3,565200.05,3612444.54
1319,3,564847.88,3612498.89
1320,3,564670.83,3612522.8
1321,3,564362.04,3612570.35
1322,3,564024.98,3612610.53
1323,3,563444.95,3612792.51
1324,3,563388.68,3613027.4
1325,3,563357.5,3613153.03
1326,3,563249.52,3614456.97
1327,3,563264.15,3614455.84
1328,3,564289.27,3613861.54
1329,3,564720.65,3613963.44
1330,3,565153.61,3614064.93
1331,3,565404.26,3614124.45
1332,3,565663.24,3614186.35
1337,3,564354.35,3615340.97
1338,3,564027.25,3615364.13
1339,3,563703.44,3615194.1
1340,3,563422.15,3615075.57
1341,3,563030.94,3615108.11
1348,3,564071.61,3612930
1349,3,564331.55,3612949.75
1350,3,564716,3612975.74
1351,3,565314.92,3612962.8
1352,3,565292.77,3612965.2
1353,3,565035.04,3612980.48
1354,3,564696.04,3612974.39
1355,3,564056.69,3612930.13
1356,3,564505.16,3615769.87
1358,3,564207.46,3614172.64
1359,3,564183.18,3613939.67
1360,3,564236.04,3614219.5
1361,3,563989.31,3613023.93
1362,3,563903.49,3612557.53
1363,3,563933.52,3612131.91
1364,3,564036.14,3611736.57
1365,3,564127.19,3611506.56
1366,3,564068.66,3611740.77
1367,3,564009.12,3611956.45
1368,3,563923.49,3612290.82
1369,3,563947.66,3612704.04
1371,3,564414.96,3615292.69
1372,3,564389.34,3615122.68
1401,3,564574.52,3615224.88
1402,3,564783.72,3614993.21
1403,3,565098.8,3614760.01
1412,3,563599.41,3614512.52
1443,3,564312.42,3612948.96
1444,3,565051.84,3612977.71
1486,3,563186.8,3614395.48
1490,3,563613.76,3614511.84
1545,3,564809.66,3612491.88
1546,3,565236.83,3612427.49
1547,3,562988.07,3612665.34
1646,3,564426.38,3615236.78
1671,3,565792.96,3614268.03
1673,3,565109.38,3611650.07
1705,3,564139.62,3613713.68
1708,3,565179.15,3614633.93
1709,3,565151.33,3614757.7
1710,3,564793.05,3615014.33
1711,3,564540.77,3615266.9
1758,3,564675.9,3611583.28
1759,3,564846.73,3612170.62
1760,3,565034.29,3612606.32
1761,3,565098.34,3612894.09
1762,3,565119.71,3613126.26
1763,3,565104.11,3613433.14
1764,3,565059.89,3614143.36
1765,3,565108.29,3614384.58
1766,3,564410.56,3614639.02
1767,3,565085.56,3614419.69
1768,3,565032.41,3614085.76
1769,3,565077.59,3613457.35
1770,3,565100.55,3613145.32
1771,3,565065.04,3612795.43
1772,3,565005.25,3612573.09
1773,3,564930.24,3612410.08
1774,3,564839.58,3612203.5
1775,3,564731.91,3611899.37
1776,3,564653.4,3611582.13
2394,3,565106.39,3611619.56
4091,3,564269.52,3614741.99
1096,4,565820.33,3612879.1
1097,4,565806.89,3612883.45
1098,4,567773.44,3613407.71
1115,4,565414.1,3612413.02
1127,4,567219.15,3611633.81
1128,4,567488.1,3611408.47
1464,4,565920.96,3612284.99
1466,4,571142.15,3608589.81
1467,4,565865.22,3612288.5
1470,4,572026.01,3608501.59
1471,4,572234.7,3608760.08
1472,4,572374.42,3608978.49
1473,4,572220.85,3608754.88
1474,4,572011.72,3608505.03
1475,4,571907.49,3608281.22
1652,4,578199.08,3612778.36
1653,4,578363.02,3612624.22
1654,4,578548.05,3612449.07
1655,4,578822.42,3612067.86
1656,4,578951.12,3611842.38
1657,4,579056.75,3611664.06
1658,4,579181.6,3611451.63
1659,4,579354.86,3611109.77
1660,4,578778.42,3610977.93
1661,4,578603.6,3611162.02
1662,4,578494.24,3611707.17
1663,4,578319.08,3611807.24
1664,4,578053.68,3612157.71
1665,4,577846.88,3612394.89
1666,4,572504.06,3607755.95
1667,4,572401.21,3607962.29
1668,4,569048.75,3609925.4
1669,4,568591.76,3609939.32
1670,4,572084.28,3607670.87
1672,4,565904.29,3614221.76
1677,4,579257.17,3610087.7
1700,4,579224.39,3609856.62
1707,4,578676.24,3610397.96
1712,4,578758.75,3610617.68
1729,4,567863.03,3613514.09
1730,4,567478.97,3613656.26
1731,4,567021.97,3613823.24
1732,4,566478.41,3614021.59
1733,4,565982.38,3614198.22
1777,4,566682.01,3612270.21
1805,4,574046.44,3604573.19
1806,4,573090.84,3605589.42
1807,4,572675.1,3606148.57
1808,4,572483.59,3606607.81
1809,4,568569.78,3609888.95
1810,4,572473.03,3606589.22
1811,4,572666.93,3606123.01
1812,4,573062.14,3605586.55
1813,4,573368.48,3605269.4
1814,4,573753.15,3604858.93
2128,4,566542.73,3611736.03
2132,4,567683.64,3610806.93
2133,4,567709.11,3610233.28
2236,4,567686.8,3612867.78
2314,4,568168.78,3612210.1
2357,4,566647.56,3613941.12
2361,4,567044.3,3613794.34
2366,4,567430.25,3613649.06
2368,4,567828.22,3613502.87
2369,4,567700.77,3613158.11
2370,4,567563.49,3613002.52
2371,4,567699.26,3612704.23
2373,4,567741.24,3612337.89
2374,4,567784.83,3612340.85
2375,4,567711.1,3611708.21
2376,4,567671.96,3611683.88
2377,4,567468.93,3611594.04
2378,4,567543.22,3611551.53
2379,4,567253.52,3610377.31
2380,4,567407.2,3610221.59
2517,4,566647.1,3610855.82
2518,4,566598.34,3610853.83
2519,4,566372.48,3611061.08
2520,4,566371.03,3611024.7
2521,4,565812.31,3611552.25
2522,4,565813.1,3611504.03
2523,4,565314.08,3611675.46
2524,4,565433.06,3611640.33
2526,4,567244.03,3611602.05
2527,4,566855.79,3611700.55
2528,4,566908.54,3611666.53
2529,4,566353.57,3611914.15
2530,4,566306.44,3612089.66
2532,4,566163.32,3612243.25
2533,4,566093.78,3612248.89
2534,4,565549.53,3612356.71
2536,4,565550.04,3612949.93
2537,4,565567.8,3612944.06
2538,4,566173.62,3612838.09
2539,4,566192.77,3612836.67
2540,4,566843.56,3612810.2
2541,4,566504.62,3612821.23
2542,4,567064.56,3612762.46
2543,4,566857.82,3612809.07
2545,4,567230.86,3612664.69
2546,4,567428.72,3612614.92
2547,4,567516.71,3612543.57
2548,4,567646.16,3612527.59
2549,4,566842.77,3612718.29
2550,4,567723.58,3612340.98
2554,4,566024.35,3614161.8
2614,4,566520.05,3613797.15
2619,4,566061.49,3612379.49
2698,4,565974.92,3612139.23
2699,4,566142.65,3612502.64
2700,4,566378.57,3613497.09
2724,4,565766.87,3611743.63
2743,4,567462.34,3611264.29
2745,4,567454.06,3610991.73
2746,4,567469.86,3610984.97
2765,4,567686.86,3612666.01
2766,4,567890.43,3611971.51
2767,4,567789.51,3611943.1
2771,4,565714.41,3611690.62
2775,4,567764.03,3611896.59
2788,4,566481.62,3612825.29
2811,4,565857.06,3611976.37
2820,4,566487.82,3613779.08
2821,4,566348.72,3613501
2828,4,566262.98,3613094.89
2830,4,566192.6,3612735.23
2882,4,566921.58,3610619.3
2883,4,566910.34,3610658.81
2908,4,567854.03,3610084.82
2909,4,568200.24,3612260.2
2910,4,566666.78,3612359.24
2911,4,566368.53,3611766.13
2912,4,566466.35,3611852.37
2913,4,566793.18,3612490.57
2914,4,566953.56,3612881.33
2919,4,566266.89,3612958.11
2923,4,567825.64,3613359.29
2924,4,567363.03,3610886.35
2925,4,567004.14,3610798.9
2927,4,567655.85,3612964.02
2942,4,565335.14,3611652.32
2945,4,566001.11,3614187.48
2946,4,566488.12,3614014.56
2947,4,567050.2,3613809.02
2948,4,567509.84,3613640.29
2949,4,567887.7,3613499.62
3280,4,568978.4,3612781.74
3282,4,568685.6,3612889.91
3286,4,568380.45,3612965.64
3288,4,568292.49,3612567.37
3290,4,568291.91,3612514.04
3297,4,569656.33,3609626.2
3299,4,569301.45,3609836.58
3300,4,569304.93,3609875.85
3301,4,569048.86,3609895.14
3303,4,568260.69,3609883.39
3304,4,568226.13,3609916.97
3305,4,567908.79,3609965.24
3306,4,567873.62,3610018.99
3635,4,569622.34,3609697.36
3653,4,567489.09,3610223.58
3666,4,568626.06,3610422.25
3669,4,572286.59,3607800.49
3674,4,572035.06,3607715.97
3704,4,569847.89,3609603.37
3705,4,570558.67,3608994.08
3706,4,570577.15,3609007.96
3708,4,571064.21,3608610.87
3709,4,571048.53,3608652.33
3777,4,567835.63,3610086.47
3790,4,568357.54,3612641.76
3792,4,568581.58,3610424.05
3793,4,568351.54,3612749.92
3794,4,568425.45,3612394.45
3795,4,571402.41,3608357.42
3796,4,571362.77,3608375.65
3797,4,571945.47,3607985.82
3798,4,571785.82,3608029.57
3845,4,568506.65,3612167.3
3990,4,574734.88,3612836.91
3991,4,575603.86,3613121.19
3992,4,576106.77,3613278.56
3993,4,576482.66,3613304.17
3994,4,576735.89,3613280.07
3995,4,577101.98,3613239.66
4078,4,568385.8,3612596.06
4094,4,572057.15,3607957.92
4095,4,572455.48,3608165.79
4096,4,571484.94,3608323.42
4169,4,571292.14,3609199.3
1404,5,564402.5,3601411.9
1449,5,561801.26,3611652.61
1504,5,562381.38,3607592.95
1552,5,562293.98,3609342.01
1554,5,562276.98,3609194.46
1627,5,559852.15,3610475.9
1628,5,562870.67,3600414.62
1629,5,563344.77,3600611.61
1630,5,563765.03,3602621.29
1631,5,563769.74,3602604.03
1632,5,562441.97,3611866.91
1689,5,562585.02,3602033.37
1737,5,561349.39,3611719
1742,5,558756.81,3610305.09
1778,5,561754.13,3606477.68
1779,5,561669.33,3606532.47
2058,5,559790.23,3611243.24
2059,5,559363.7,3611056.44
2066,5,561147.86,3610275.35
2067,5,560608.81,3610292.79
2069,5,560353.37,3610306.31
2070,5,559953.98,3610360.33
2071,5,559747.61,3610403.66
2072,5,559301.72,3610438.46
2073,5,558840.94,3610418.99
2076,5,558993.25,3610425.22
2077,5,559255.42,3610431.2
2079,5,559682.98,3610388.19
2080,5,559916.45,3610344.58
2081,5,560306.36,3610292.84
2082,5,560702.28,3610270.85
2083,5,561105.89,3610251.59
2109,5,561712.38,3609782.06
2110,5,561561.5,3609648.98
2111,5,561591.1,3609610.25
2112,5,561193.35,3609758.13
2113,5,561175.14,3609774.2
2120,5,559737.27,3609781.45
2130,5,558765.24,3610641.27
2135,5,559184.52,3610995.4
2138,5,559484.08,3611019.46
2139,5,559944.23,3611324.87
2389,5,559697.74,3609786.53
2423,5,562258.73,3609022.18
2427,5,562300,3609398.81
2431,5,562335.95,3609756.89
2432,5,562371.18,3610078.61
2434,5,562436.3,3610674.9
2435,5,562456.5,3610595.53
2436,5,562420.67,3611103.72
2437,5,562472.77,3611022.89
2446,5,562410.62,3611121.17
2448,5,561830.11,3611657.56
2452,5,562010.9,3611169.78
2453,5,561798.55,3611104.94
2454,5,562008.2,3611151.81
2455,5,561771.58,3611113.31
2456,5,561784.84,3610835.35
2457,5,561757.85,3610861.24
2458,5,561770.19,3610490.15
2459,5,561746.71,3610524.37
2460,5,561753.82,3610133.63
2461,5,561721.86,3610129.67
2462,5,561742.98,3609824.26
2463,5,561227.07,3610071.52
2464,5,561204.33,3610107.52
2465,5,561265.53,3610422.52
2466,5,561246.92,3610443.8
2467,5,561311.02,3610835.86
2468,5,561299.06,3610919.38
2469,5,561325.7,3611163.88
2470,5,561513.58,3611211.16
2471,5,561202.11,3611249.59
2472,5,561233.27,3611261.42
2473,5,561349.07,3611314.79
2476,5,561290.4,3611610.76
2477,5,561187.11,3611705.36
2478,5,560527.33,3611552.66
2479,5,560206.4,3611404.38
2480,5,560446.73,3611354.95
2481,5,560558.6,3611531.13
2482,5,560487.1,3611334.36
2483,5,561229.06,3611702.62
2484,5,560838.27,3611307.12
2485,5,560929.6,3611282.29
2487,5,560090.46,3611108.35
2490,5,559961.27,3610832.09
2494,5,559920.55,3610785.72
2495,5,559878.25,3610457.32
2496,5,559774.38,3610116.36
2497,5,559797.9,3610090.89
2701,5,559972.08,3611077.04
2726,5,558864.14,3610780.42
2727,5,559292.47,3610841.83
2728,5,559686.17,3610873.56
2729,5,561739.14,3611761.09
2797,5,561303.49,3611633.57
2809,5,560147.31,3611293.72
2872,5,558739.55,3609922.74
2878,5,559900.73,3611227.27
2879,5,560229.98,3611382.02
2880,5,561901.65,3611737.71
2881,5,562492.16,3611820.33
3012,5,564113.77,3601735.09
3013,5,563699.94,3601536
3014,5,563303.79,3601344.69
3015,5,563002.45,3601199.11
3016,5,562776.56,3601090.71
3017,5,562496.74,3600955.71
3020,5,563106.87,3600528.74
3021,5,562864.6,3600380.21
3022,5,562610.95,3600486.38
3024,5,562787.83,3601060.52
3025,5,562998.27,3601162.06
3026,5,563338.84,3601325.96
3027,5,563713.93,3601506.82
3028,5,564169.22,3601726.24
3029,5,562647.84,3600429.29
3030,5,563123.36,3600504.9
3034,5,561057.78,3607274.91
3049,5,558740.53,3608068.5
3050,5,558740.67,3608857.71
3142,5,558744.28,3609550.83
3191,5,558768.34,3607886.75
3192,5,558740.75,3608603.85
3193,5,558740.63,3608290.56
3287,5,564367.64,3601591.83
3309,5,562749.74,3601878.87
3310,5,562416.25,3601951.39
3311,5,563468.61,3602478.39
3312,5,562393.19,3601960.56
3315,5,558740.09,3607871.61
3316,5,562154.23,3601825.7
3317,5,562573.85,3602048.05
3318,5,562814.82,3602145.45
3319,5,563242.12,3602349.8
3320,5,563582.45,3602513.81
3321,5,563864.12,3602380.47
3322,5,563870.76,3602618.42
3323,5,562986.97,3601957.63
3324,5,563337.43,3602126.36
3327,5,563829.27,3602397.99
3329,5,563015.2,3601530.11
3330,5,562875.73,3601819.46
3333,5,562804.06,3605676.94
3334,5,562631.98,3606402.55
3336,5,562319.33,3606424.1
3338,5,562344.89,3606448.53
3339,5,562588.1,3606426.33
3340,5,562773.56,3606602.32
3345,5,562748.75,3606816.57
3346,5,562764.28,3601850.25
3347,5,563634.04,3600750.92
3353,5,562216.1,3608620.93
3356,5,564012.24,3600933.14
3357,5,564250.97,3601089.1
3365,5,564322.7,3601585.88
3366,5,564279.95,3601137.62
3367,5,558765.45,3608202.68
3369,5,558765.27,3608599.56
3371,5,558764.92,3608865.29
3400,5,564019.15,3600968.22
3402,5,563638.99,3600784.98
3403,5,563347.57,3600644.56
3408,5,563043.56,3602273.71
3409,5,562806.84,3602159.37
3410,5,562180.4,3601860.34
3411,5,562264.31,3601609.1
3412,5,562520.9,3601732.87
3414,5,564143.56,3602081.28
3415,5,564052.75,3602143.11
3437,5,562246.4,3601636.04
3472,5,562501.02,3601758.91
3604,5,562210.62,3607920.59
3650,5,563346.01,3602164.99
3678,5,565063.81,3600604.14
3686,5,562938.27,3601968.52
3895,5,562856.89,3601784.76
3896,5,562995.12,3601498.06
3903,5,562613.55,3607141.21
3951,5,558737.95,3609335.17
4017,5,562491.37,3605732.41
4018,5,562457.91,3605755.03
4039,5,562582.9,3600961.79
4044,5,562248.73,3606459.02
4110,5,559173.66,3609727.42
4111,5,559670.08,3609705.55
4112,5,560426.19,3609668.42
4113,5,561133.96,3609635.48
4114,5,561758.42,3609618.82
4115,5,562202.38,3609601.52
4116,5,562184.79,3609609.94
4117,5,561744.67,3609626.72
4118,5,561195.78,3609652.16
4119,5,560408.99,3609674.08
4120,5,559641.51,3609714.8
4121,5,559156.36,3609733.75
1460,12,559548.9,3620013.13
1462,12,556988.69,3619797.56
1463,12,559572.08,3620022.8
1508,12,554099.29,3621604.18
1612,12,562527.77,3619790.75
1616,12,560685.06,3620932.96
1617,12,560207.49,3621013.97
1618,12,559902.88,3620960.25
1619,12,559599.09,3620487.59
1638,12,560919.54,3620303.92
1639,12,561853.19,3619876.99
1642,12,556800.99,3619891.83
1738,12,554170.85,3621660.67
2044,12,556512.94,3619868.02
2074,12,561676.76,3619929.88
2085,12,560448.37,3620004.59
2086,12,559976.39,3620006.39
2087,12,559492.27,3619969.55
2089,12,557734.19,3619677.37
2090,12,557390.67,3619569.29
2101,12,558024.38,3619770.3
2144,12,556530.31,3619895.05
2159,12,561072.03,3619936.68
2253,12,560760.34,3620040.42
2257,12,560745.5,3620336.89
2258,12,560771.41,3620344.8
2259,12,560675.04,3620549.09
2260,12,560675.4,3620597.09
2261,12,560689.04,3620910.03
2262,12,560596.36,3620849.38
2263,12,560921.57,3621042.27
2264,12,560925.16,3621022.01
2265,12,561145.91,3621058.29
2266,12,561125.07,3621095.07
2267,12,561230.68,3620851.72
2268,12,561248.52,3620845.62
2269,12,561529.27,3620801.79
2270,12,561530.27,3620852.35
2272,12,561402.84,3621214.08
2274,12,561390.25,3621204.25
2275,12,561246.18,3621362.89
2276,12,561242.86,3621384.37
2277,12,560859.07,3621470.37
2278,12,560837.63,3621496.85
2280,12,560730.24,3621514.04
2283,12,561118.24,3620148.27
2291,12,561484.12,3619890.22
2292,12,561707.8,3620092.71
2293,12,561685.71,3620193.46
2294,12,561686,3620297.34
2295,12,561614.83,3620545.89
2296,12,561606.79,3620648.61
2301,12,562272.33,3619814.2
2303,12,562875.16,3619753.81
2304,12,563254.48,3619720.63
2570,12,561838.45,3620707.81
2738,12,561111.56,3620351.66
2747,12,562002.84,3620000.98
2748,12,561843.54,3620568.82
2749,12,561922.52,3620331.52
2750,12,561779.68,3620846.14
2752,12,561703.46,3621198.65
2753,12,562043.55,3621285.36
2754,12,562035.86,3621315.91
2755,12,562186.5,3621323.17
2756,12,562039.05,3621525.57
2757,12,562028.57,3621538.36
2758,12,561739.92,3621604.08
2759,12,561707.95,3621621.17
2763,12,560872.62,3622255.92
2795,12,561783.61,3619881.99
2824,12,561113.49,3620052.9
2856,12,555540.77,3620908.84
2930,12,561740.83,3621185.69
2931,12,561339.83,3622160.68
2932,12,560919.37,3622240.9
2933,12,562184.58,3621299.87
2934,12,561848.58,3621354.43
2935,12,561870.67,3621327.96
2936,12,561910.88,3620259.38
2937,12,561981.31,3619936.55
3001,12,553398.46,3622218.22
3006,12,556238.58,3623646.72
3008,12,556601.76,3624079.49
3116,12,559118.6,3619939.16
3138,12,555023.98,3622613
3152,12,563172.98,3620184.74
3154,12,562992.27,3620498.88
3158,12,562747.95,3620840.34
3199,12,555602.03,3621031.02
3201,12,555774.04,3620922.01
3246,12,555225,3622891.05
3289,12,556750.24,3619359.74
3331,12,555147.03,3622017.59
3335,12,559591.04,3620251.96
3337,12,555690.24,3623029.68
3352,12,554799.79,3621626.1
3390,12,560432.96,3621027.98
3391,12,560432.96,3621042.95
3392,12,562213.43,3621166.36
3393,12,561240.04,3621886.01
3394,12,561233.63,3621847.72
3466,12,555748.88,3620679.86
3581,12,556585.47,3619376.43
3582,12,556063.19,3619832.76
3593,12,556497.83,3620498.18
3594,12,556424.8,3620403.86
3596,12,556522.81,3620604.63
3597,12,556628.31,3620771.97
3599,12,556796.46,3621013.17
3600,12,556714.77,3620991.19
3601,12,557014.88,3621112.53
3605,12,555873.09,3620006.19
3607,12,555577.8,3620288.22
3611,12,555360.26,3620460.17
3613,12,554774.7,3620993.38
3615,12,554430.3,3621287.49
3618,12,553958.37,3621723.59
3621,12,552925.61,3622632.08
3660,12,561280.19,3621681.38
3662,12,559616.97,3620726.05
3672,12,561603.55,3621547.36
3675,12,562599.3,3620784.75
3676,12,554990.04,3622633.99
3681,12,562229.09,3621150.49
3682,12,555245.97,3622876.98
3683,12,561798.71,3620890.6
3726,12,559618.95,3620519.97
3727,12,559654.03,3620764.96
3731,12,551640.89,3625045.29
3755,12,559579,3620275.06
3785,12,562905.74,3620193.46
3786,12,562668.38,3620559.36
3787,12,562692.02,3620555.85
3788,12,561318.27,3622100.68
3802,12,561239.47,3622054.63
3809,12,553449.75,3626731.77
3810,12,553728.5,3626725.07
3811,12,553245.36,3626476.35
3812,12,553867.69,3626755.98
3816,12,553799.16,3626353.51
3817,12,553431.63,3626426.14
3818,12,553925.62,3626557.74
3819,12,552643.5,3623780.87
3820,12,552866.51,3623667.32
3821,12,552747.12,3622844.65
3826,12,563093.43,3620049.31
3827,12,562632.61,3620762.57
3828,12,562901.32,3620164.94
3829,12,563123.39,3619995.4
3902,12,560480.63,3621525.82
3906,12,560699.7,3621497.22
3923,12,557279.21,3621166.16
3952,12,557145.88,3621113.28
3961,12,556349.44,3620174.84
4013,12,556728.51,3619865.03
4015,12,556273.24,3620093.92
4046,12,559858.97,3620937.03
4047,12,560136.04,3620989.04
4061,12,557032.93,3619765.11
4070,12,561453.98,3620733.03
4098,12,556398.63,3619747.41
4131,12,556417.7,3619756.17
4134,12,556360.22,3619777.68
4135,12,556360.22,3619794.31
4136,12,556360.5,3619810.83
4164,12,556430.65,3619769.99
4165,12,556441.18,3619780.03
4166,12,556450.96,3619791.39
4175,12,556416.27,3619843.3
4179,12,556457.13,3619826.13
1120,8,562585.55,3615182.35
1121,8,562362.99,3615219.87
1122,8,562065.85,3615265.68
1123,8,561857.2,3615299.52
1124,8,561418.03,3615371.08
1125,8,561063.86,3615512.69
1126,8,561037.98,3615619.84
1130,8,562985.62,3615912.13
1152,8,561063.95,3615696.61
1160,8,561951.87,3615982.02
1161,8,561662.7,3616000.96
1162,8,561267.73,3616026.01
1189,8,561195.58,3616033.33
1191,8,561612.88,3616006.3
1192,8,562968.76,3615642.74
1193,8,561916.21,3615986.79
1198,8,562423.46,3615954.48
1203,8,562964.65,3615921.86
1343,8,562933.43,3615344.3
1392,8,557571.62,3618926.67
1393,8,557515.73,3619255.27
1394,8,557497.8,3619293.53
1395,8,557560.7,3618902.33
1398,8,563123.82,3617390.13
1400,8,563194.8,3617844.68
1405,8,562726.71,3617360.35
1406,8,562226.75,3617124.29
1407,8,561478.2,3616695.8
1408,8,562037.99,3616966.57
1409,8,562462.73,3617165.45
1410,8,563002.95,3615944.83
1451,8,561219.19,3616829.13
1452,8,561133.99,3616994.01
1453,8,561089.36,3617176.88
1454,8,561048.32,3617264.87
1455,8,560922.88,3617373.85
1456,8,561029.74,3617269.08
1457,8,561077.92,3617192.55
1458,8,561148.11,3616939
1459,8,561204.68,3616825.6
1465,8,562509.44,3619755.82
1507,8,556860.54,3619149.62
1620,8,558894.22,3619435.3
1621,8,558895.68,3618762.82
1622,8,558917.33,3619442.97
1623,8,558614.66,3618463.27
1624,8,558649.89,3618465.48
1635,8,561805,3619804.3
1636,8,561885.46,3619796.59
1637,8,560048.48,3618436.35
1643,8,560973.57,3619914.68
1644,8,561036.96,3619908.31
1704,8,562839.81,3615143.38
1706,8,561031.99,3615679.12
2050,8,557066.96,3619437.05
2053,8,560896.83,3616039.92
2091,8,556762.01,3619333.53
2092,8,557313.32,3619509.64
2093,8,557783.79,3619658.59
2095,8,559066.14,3619919.12
2096,8,559616.66,3619949.35
2097,8,559948.29,3619972.74
2098,8,560416.75,3619980.57
2158,8,558548.97,3617615.57
2168,8,560839.6,3615571.18
2171,8,560656.98,3615735.36
2172,8,559958.52,3616365.14
2175,8,559684.98,3616609.61
2177,8,559140.69,3617092.81
2181,8,558977.04,3617624.2
2182,8,558793.63,3617505.71
2183,8,558322.32,3617820.77
2184,8,559002.23,3617629.89
2185,8,559136.27,3617772.26
2186,8,559172.62,3617776.02
2187,8,559544.52,3618021.69
2188,8,559720.56,3618067.87
2189,8,559402.82,3617921.85
2190,8,559895.73,3618244.2
2191,8,559694.3,3618071.26
2192,8,559881.23,3618255.31
2193,8,558115.68,3618004.04
2197,8,558000.56,3618229.74
2286,8,560921.42,3619921.79
2289,8,561595.33,3619852.22
2297,8,561848.32,3619800.35
2298,8,561942.6,3619696.07
2299,8,561972.06,3619706.34
2300,8,562208.5,3619785.31
2302,8,562866.84,3619719.94
2305,8,563339.15,3619595.78
2307,8,563357.94,3619294.58
2309,8,563316.53,3618984.12
2332,8,557228.06,3618803.96
2363,8,557937.03,3618242.23
2557,8,561343.64,3616532.23
2606,8,563121.24,3617101.54
2608,8,563093.39,3616866.12
2610,8,563053.45,3616438.6
2623,8,559405.68,3618619.96
2625,8,559408.83,3618578.74
2630,8,560183.33,3618489.05
2631,8,563168.14,3618750.36
2632,8,563276.42,3618600.39
2633,8,563148.44,3618707.67
2635,8,563230.67,3618233.37
2638,8,562829.16,3618667.51
2639,8,562652.11,3618681.02
2640,8,562255.11,3618627.75
2641,8,562392.82,3618610.55
2642,8,561893.72,3619223.49
2643,8,561863.94,3619218.09
2644,8,561807,3618683.82
2645,8,561943.5,3618589.11
2646,8,561776.07,3618682.97
2647,8,561649.12,3618553.02
2648,8,562036.45,3618563.97
2649,8,561721.61,3618275.32
2650,8,561721.21,3618400.93
2651,8,561637.55,3618515.15
2652,8,561649.67,3617951.38
2653,8,561616.53,3617929
2654,8,561344.17,3618483.07
2655,8,561496.13,3617313.19
2656,8,561457.89,3616948
2658,8,561288.9,3616455.51
2659,8,561208.43,3616124.98
2660,8,561200.98,3616193.11
2661,8,561133.54,3618483.99
2663,8,561127.47,3618449.47
2664,8,560734.87,3618487.75
2665,8,560796.91,3618443.12
2667,8,560411.51,3618468.38
2668,8,559845.77,3618523.49
2669,8,559728.4,3618495.73
2670,8,559599.38,3618534.2
2671,8,559703.01,3618820.29
2672,8,559424.69,3618512.65
2674,8,559616.82,3618798.71
2675,8,560091.01,3618998.46
2676,8,560028.38,3619001.74
2677,8,560395.63,3619322.25
2678,8,560304.4,3619298.08
2679,8,560740.63,3619507.16
2680,8,560677.88,3619516.2
2681,8,561247.34,3619609.16
2682,8,561140.64,3619615.6
2683,8,559981.47,3619102.34
2684,8,559925.44,3619114.97
2685,8,559738.17,3619037.46
2686,8,559626,3619064.28
2687,8,559339.2,3619048.15
2688,8,559373.42,3619077.51
2689,8,558977.51,3619047.11
2690,8,559002.63,3619077.86
2691,8,558918.26,3618732.8
2695,8,558249.95,3618318.23
2696,8,558248.06,3618335.4
2705,8,562456.96,3615949.37
2707,8,560845.64,3616484.05
2730,8,560756.91,3615646.83
2733,8,561133.93,3616714.08
2774,8,559404.78,3616856.92
2777,8,560729,3615671.5
2778,8,558801.32,3617490.24
2779,8,559373.19,3617923.11
2780,8,561582.85,3619778.42
2794,8,562961.3,3617399.08
2796,8,563022.18,3617496.47
2801,8,561144.86,3616719.47
2819,8,561517.59,3617268.87
2822,8,561565.1,3617559.29
2823,8,561554.33,3617604.12
2900,8,560937.46,3616891.92
2901,8,560905.96,3616937.07
2902,8,560401.91,3617116.47
2904,8,561032.07,3616812.68
2916,8,560786.83,3617087.33
2939,8,561445.11,3617044.59
2941,8,560242.68,3618517.68
2950,8,560812.71,3617070.42
2951,8,561088.78,3616783.31
2952,8,560688.81,3617202.8
2953,8,560413.01,3617111.22
2958,8,560223.51,3616993.22
2960,8,560676.22,3617191.86
2971,8,557562.67,3618595.26
2972,8,558004.55,3618575.65
2973,8,558301.19,3618562.42
2974,8,558533.24,3618552.15
2975,8,558627.48,3618578.42
2976,8,558218.42,3618595.97
2977,8,557959.84,3618607.54
2978,8,557598.59,3618624.07
1480,14,564720.22,3617647.73
1481,14,564766.72,3617962.99
1483,14,564869.37,3618882.27
1484,14,564920.68,3619306.44
1485,14,564960.52,3619620.88
1492,14,564722.72,3617882.66
1748,14,570390.53,3619284.7
1876,14,570750.46,3619165.2
1877,14,570442.34,3619049.7
1878,14,566246.23,3617835.05
2218,14,566398.94,3618494.82
2324,14,565085.92,3619507.07
2325,14,565139.13,3619538.57
2326,14,565454.83,3619505.73
2327,14,565397.71,3619540.49
2328,14,565676.79,3619503.64
2338,14,566084.52,3617836.41
2339,14,566131.86,3617794.6
2595,14,565439.24,3617673.39
2596,14,565176.76,3617645.06
2598,14,564894.97,3617615.94
2692,14,570832.07,3619314.56
2697,14,570952.58,3619383.04
2704,14,570581.67,3619730.62
2716,14,565098.03,3618387.55
2717,14,570430.46,3619787.75
2718,14,565297.32,3618301.6
2719,14,565519.77,3618143.43
2720,14,565531.34,3618165.56
2721,14,565564.8,3617796.61
2732,14,570019.27,3619657.58
2734,14,569204.49,3619229.7
2736,14,568939.23,3619217.54
2751,14,568541.95,3619090.29
2769,14,566125.03,3617763.96
2827,14,564975.78,3618491.29
2831,14,565686.8,3618059.61
2832,14,566005.16,3617886.33
2847,14,564867.87,3620059.08
2848,14,565304.98,3620230.01
2868,14,567907.08,3619204.23
2875,14,568537.14,3619066.09
2894,14,565673.01,3619536.21
2903,14,568945.1,3619209.49
2905,14,569221.9,3619220.5
2929,14,570039.68,3619687.32
2954,14,570441.17,3619771.09
2955,14,570583.53,3619718.77
2956,14,568145.17,3619120.05
2980,14,566005.01,3618644.41
2981,14,565689.17,3618664.93
2982,14,565248.62,3618765.25
2983,14,564934.12,3618827.82
2990,14,564957.71,3618803.58
2991,14,565264.56,3618736.64
2992,14,565829.43,3618618.52
2993,14,566161.5,3618552.22
3000,14,570941.73,3619380.2
3007,14,570820.95,3619323.01
3048,14,570537.78,3619324.22
3101,14,568903.79,3621070.17
3102,14,569242.01,3620543.37
3103,14,569180.11,3620470.54
3165,14,569264.46,3620388.76
3166,14,568866.17,3621035.54
3167,14,568754.89,3620838.65
3168,14,568597.55,3620526.15
3169,14,568587.67,3620545.48
3170,14,568316.28,3620025.76
3171,14,568209.35,3619778.24
3172,14,568151.85,3619703.13
3173,14,568133.21,3619633.6
3174,14,567866.11,3619342.97
3175,14,567957.65,3619430.18
3176,14,567533.29,3619106.78
3177,14,567535.35,3619134.62
3178,14,567233.85,3618895.22
3179,14,567216.78,3618910.73
3180,14,567006.23,3618733.7
3181,14,566982.53,3618745.96
3182,14,566774.67,3618531.15
3183,14,566742.61,3618530.93
3184,14,566579.69,3618322.64
3185,14,566561.76,3618340.15
3186,14,566471.89,3618210.83
3187,14,566415.05,3618187.5
3188,14,566300.16,3618027.76
3189,14,566240.42,3617990.22
3268,14,564695.14,3617683.27
3641,14,566857.02,3617825.84
3840,14,568336.81,3620024.35
3841,14,568506.8,3620353.35
3842,14,569202.3,3620782.45
3843,14,569426.99,3620533.46
3844,14,569209.22,3620785.04
4045,14,567124.92,3617856.02
4069,14,567534.86,3617910.24
1439,6,569749.73,3608600.26
1440,6,569494.04,3608574.2
1441,6,569421.25,3608610.94
1442,6,568638.27,3608893.54
1445,6,570591.19,3606771.18
1446,6,570894.21,3606983.75
1447,6,571222.98,3607177.66
1448,6,570883.46,3606991.99
1450,6,570586.25,3606778.8
1505,6,562755.43,3606888.67
1551,6,562340.56,3609498.73
1674,6,567019.45,3610043.26
1675,6,567892.98,3609228.68
1676,6,569027.75,3608174.07
1678,6,568896,3607632.6
1679,6,569020.03,3606930.37
1680,6,569416.15,3606822.14
1681,6,569682.82,3607003.71
1682,6,569857.34,3607047.28
1683,6,569408.4,3606843.6
1684,6,569040.96,3606929.18
1685,6,569058.96,3607380.52
1686,6,569382.49,3607128.22
1688,6,567945.95,3608352.56
1713,6,569602.87,3607069.45
1714,6,569203.28,3607299.59
1780,6,565580.58,3608164.56
1781,6,564367.67,3607354.8
1782,6,563660.92,3607360.47
1783,6,563439.81,3606863.84
1784,6,563197.49,3606480.39
1785,6,563119.11,3606556.83
1786,6,563097.09,3606537.29
1787,6,563687.3,3607358.97
1788,6,564406.39,3607374.79
1886,6,569160.1,3607626.89
1889,6,567185.15,3609914.77
1890,6,567186.63,3609917.78
1891,6,567187.83,3609920.56
1892,6,567189.5,3609923.67
1893,6,567190.79,3609926.34
1899,6,562897.5,3605996.81
1900,6,562883.92,3605978.21
2054,6,563286.1,3609361.01
2114,6,570301.31,3606782.77
2124,6,563399.74,3609579.9
2125,6,565039.32,3611132.66
2140,6,562385.15,3608819.87
2148,6,565578.54,3610001.52
2154,6,565028.31,3609930.18
2196,6,562720,3611848.81
2229,6,568965.99,3607823.88
2237,6,565068.12,3610772.55
2238,6,565119.03,3610317.9
2315,6,563350.52,3609587.91
2381,6,567052.62,3610049.58
2382,6,567183.49,3609911.11
2383,6,566744.46,3610255.93
2384,6,566761.55,3610211.92
2385,6,566546.87,3610371.79
2386,6,566447.44,3610397.96
2387,6,566123.15,3610777.28
2388,6,566245.26,3610583.52
2390,6,565857.72,3610811.77
2391,6,565479.29,3611085.54
2392,6,565548.48,3611019.15
2393,6,565239.1,3611149.49
2395,6,565241.18,3611119.35
2396,6,565049.21,3611111.22
2397,6,564956.36,3610820.82
2398,6,565082.35,3610733.29
2399,6,564932.63,3610806.48
2400,6,565124.52,3610281.02
2404,6,564691.93,3609908.15
2405,6,564653.32,3609916.1
2408,6,563863.52,3609808.8
2411,6,562987.66,3609598.47
2412,6,562992.65,3609759.25
2413,6,563029.54,3609592.63
2414,6,562931.74,3609450
2415,6,562869.45,3608988.21
2416,6,563108.91,3608747.71
2417,6,563330.94,3608563.98
2418,6,562935.93,3608608.71
2419,6,562625.99,3608657.09
2420,6,562530.06,3609606.34
2421,6,563848.9,3609776
2422,6,562292.18,3609073.49
2428,6,562330.03,3609398
2429,6,563027.1,3610053.25
2430,6,562372.75,3609812.11
2433,6,562424.35,3610216.74
2438,6,562560.65,3611085.31
2489,6,568639.02,3607884.81
2498,6,562990.7,3610008.89
2499,6,562973.36,3610302.23
2500,6,563000.75,3610377.24
2501,6,563027.72,3610741.14
2502,6,563001.16,3610817.47
2503,6,562811.96,3611054.74
2504,6,563118.64,3611018.87
2505,6,562905.61,3611064.2
2506,6,563172.79,3611030.86
2507,6,563082.54,3611387.48
2508,6,563102.25,3611312
2509,6,563556.66,3610982.97
2510,6,563683.38,3610955.84
2511,6,564047.24,3610928.9
2512,6,564078.81,3610906.27
2513,6,564326.64,3610893.01
2514,6,564264.6,3610883.3
2515,6,564649.96,3610838.56
2516,6,564680.26,3610853.5
2552,6,562962.38,3609724.58
2722,6,564483.6,3611221.73
2723,6,564790.11,3611185.25
2739,6,562492.11,3609614.08
2740,6,562585.77,3611730.9
2741,6,562978.97,3611538.26
2742,6,563840.75,3611092.65
2772,6,564790.31,3611212.41
2773,6,564430.16,3611247.33
2789,6,563693.76,3611136.94
2884,6,563317.28,3608721.65
2887,6,563245.08,3608550.57
2888,6,563334.33,3608739.72
2889,6,562991.31,3608783.88
2892,6,562504.98,3611002.81
2907,6,562378.23,3608846.55
3023,6,563328.06,3609491.65
3031,6,568918.63,3607209.26
3032,6,563455.57,3606863.28
3033,6,563139.5,3606449.54
3039,6,564509.66,3601946.83
3069,6,570236.28,3606781.98
3070,6,570212.08,3606685.81
3256,6,564530.23,3601815.7
3332,6,562845.09,3605868.88
3341,6,562847.84,3606654.67
3342,6,563189.86,3606854.39
3344,6,562921.19,3606541.28
3349,6,562818.5,3607364.33
3351,6,563150.82,3607686.04
3354,6,562630.59,3607207.17
3355,6,562486.99,3607899.7
3404,6,569423.12,3608531.8
3406,6,568627.25,3607931.96
3407,6,568946.4,3607223.64
3413,6,562817.65,3606575.66
3586,6,562862.06,3605976.96
3608,6,562242.61,3607920.57
3659,6,569500.46,3608554.4
3667,6,569220.21,3608849.12
3668,6,569211.68,3608821.56
3696,6,562956.04,3607845.78
3799,6,562878.36,3605995.69
3846,6,562463.07,3608063.07
3900,6,562843.93,3606335.93
3933,6,563162.26,3607435.46
3934,6,563169.16,3607663.98
3935,6,562916.38,3607884.11
3936,6,562498.74,3607927.38
3937,6,562574.88,3608622.73
3938,6,562864.71,3608593.84
4003,6,568776.5,3607965.47
4084,6,562998.78,3611549.14
4092,6,562561.11,3611444.28
4178,6,562934.65,3605999.04
1136,10,565188.78,3615439.3
1141,10,565801.49,3614735.59
1149,10,565800.86,3614746.34
1214,10,564549.92,3615822.49
1215,10,564564.81,3615839.99
1242,10,565198.63,3615424.95
1509,10,570528.04,3618055.19
1544,10,570467.38,3618070.28
1693,10,569765.27,3617027.53
1694,10,569564.19,3616931.45
1695,10,569626.58,3616536.87
1696,10,569375.68,3616296.32
1697,10,569642.57,3616541.64
1699,10,569281.19,3616804.86
1701,10,565501.17,3615216.97
1751,10,566618.22,3614612.98
1752,10,567690.3,3614421.76
1753,10,567738.94,3614136.51
1754,10,567726.33,3613909.6
1755,10,567491.65,3613667.32
1756,10,567506.9,3613935.16
1757,10,567777.31,3614106.95
1832,10,565977.83,3617625.62
1833,10,570474.53,3618965.67
1834,10,570755.12,3619129.09
1879,10,564753.09,3616399.52
1880,10,564758.94,3616393.79
1881,10,564807.95,3616382.92
1882,10,564812.14,3616388.26
1883,10,564815.3,3616392.05
2118,10,565721.55,3616362.3
2170,10,565867.63,3616190.77
2206,10,565879.28,3616088.18
2340,10,566434.79,3617506.38
2341,10,566387.48,3617487.88
2342,10,566731.94,3616936.98
2343,10,566785.19,3616699.98
2344,10,566758.88,3616624.75
2345,10,566871.08,3616320.41
2346,10,566830.18,3616310.38
2347,10,566922.4,3616079.07
2348,10,566886.23,3616061.87
2349,10,566987.69,3615781.84
2350,10,567036.24,3615574.75
2351,10,566995.61,3615343.1
2353,10,566937.54,3615082.18
2354,10,566911.02,3614856.4
2355,10,566869.85,3614857.23
2356,10,566700.79,3614381.38
2358,10,566498.6,3614031.81
2362,10,567008.52,3613843.99
2365,10,567401.01,3613700.97
2555,10,566788.67,3616209.21
2556,10,566751.06,3616154.75
2558,10,566420.76,3616111.74
2559,10,566322.69,3616139.25
2560,10,566027.64,3616082.74
2561,10,566090.52,3616129.72
2563,10,565606.95,3616053.02
2565,10,565216.8,3615956.33
2566,10,564834.61,3615860.82
2566,10,564866.39,3615875.88
2568,10,565554.65,3616007.77
2572,10,566002.41,3616591.99
2573,10,565998.6,3616615.8
2574,10,566189.27,3616732.25
2575,10,566188.11,3616708.41
2576,10,566361.32,3616827.96
2577,10,566414.1,3616843.06
2580,10,566562.24,3616938.51
2581,10,566548.15,3616942.29
2582,10,566695.19,3616894.5
2583,10,565532.02,3617208.38
2585,10,565393.14,3617058.57
2589,10,564771.93,3616444.21
2590,10,564830.72,3616413.55
2592,10,564557.48,3615913.78
2615,10,566285.26,3615368.72
2617,10,566170.46,3615627.38
2618,10,565997.3,3616020.45
2768,10,566565.78,3617361.58
2770,10,566507.86,3617359.53
2782,10,565004.82,3616673.11
2783,10,565792.05,3617481.93
2785,10,566795.39,3614551.3
2786,10,566994.04,3615200.41
2787,10,566957.21,3615741.29
2792,10,566462.84,3614963.15
2807,10,565855.55,3616527.49
2817,10,566442.27,3614954.59
2818,10,566590.07,3614628.53
2834,10,565976.76,3616006.35
2835,10,566151.73,3615610.4
2836,10,566264.14,3615358.05
2865,10,566725.32,3617756.11
2867,10,566708.32,3613956.5
2874,10,565257.92,3616920.33
2876,10,566236.57,3614119.31
2899,10,568288.08,3615151.78
2906,10,566037.1,3614190.49
2922,10,566590.84,3614079.32
2928,10,566620.35,3614083.73
2961,10,565857.12,3616502.78
3018,10,568577.96,3614886.04
3019,10,568809.04,3614923
3097,10,568913.09,3614833.25
3100,10,568925.82,3614836.67
3194,10,568043.35,3617563.27
3197,10,567548.59,3617669.98
3198,10,567527.68,3617669.62
3200,10,567348.01,3617470.95
3203,10,567051.72,3617228.37
3204,10,567049.3,3617254.19
3205,10,566754.2,3617056.09
3206,10,566840.27,3617124.07
3207,10,570779.18,3618212.63
3208,10,570732.36,3618231.81
3209,10,569930.32,3617673.48
3210,10,569805.5,3617640.23
3211,10,569599.72,3617454.31
3212,10,568914.52,3617022.6
3213,10,568881.63,3617032.79
3214,10,568597.5,3616825.73
3215,10,568563.94,3616825.28
3216,10,568341.46,3616661.88
3217,10,568356.66,3616701.46
3218,10,568101.64,3616525.98
3219,10,568054.72,3616531.87
3220,10,567783.27,3616426.36
3222,10,567610.77,3616383.5
3223,10,567716.55,3616434.55
3224,10,567327.35,3616313.4
3225,10,567278.52,3616324.82
3226,10,567001.68,3616238.25
3227,10,567948.39,3615147.02
3228,10,567946.83,3615182.37
3229,10,567800.62,3614953.33
3230,10,567776.81,3614952.61
3231,10,567684.06,3614802.65
3232,10,567662.05,3614798.51
3233,10,567577.46,3614660.68
3234,10,567568.63,3614677.14
3235,10,567358.02,3614372.17
3236,10,567350.66,3614393.52
3238,10,567224.44,3614184.8
3240,10,567137.84,3613954.73
3259,10,571205.3,3618515.89
3260,10,566967.63,3616253.76
3326,10,568716.17,3615919.68
3497,10,568045.97,3616221.06
3504,10,567549.88,3617604.47
3602,10,568315.77,3617153.94
3612,10,569027.98,3615992.02
3616,10,568503.04,3615009.02
3625,10,567358.71,3613924.62
3626,10,567468.98,3614119.6
3627,10,567629.24,3614340.75
3628,10,567780.89,3614613.95
3629,10,567998.44,3614834.06
3630,10,569574.11,3617376.41
3636,10,569059.97,3615746.01
3638,10,569390.89,3615109.85
3645,10,567175.87,3617807.59
3657,10,569578.29,3615196.64
3658,10,569590.96,3615261.8
3685,10,569077.44,3617025.06
3695,10,569117.77,3617062.48
3745,10,568243.45,3615491.82
3746,10,567956.25,3615341.52
3747,10,568117.54,3615462.25
3748,10,568306.44,3615522.52
3749,10,568371.83,3615612.77
3750,10,568346.32,3615613.48
3751,10,568359.79,3615946.05
3752,10,568479.68,3615991
3753,10,568716.21,3615939.86
3847,10,567339.06,3617435.52
3849,10,569229.35,3617221.12
3850,10,571140.67,3618444.48
3851,10,571090.78,3618446.89
3852,10,570837.58,3618646.64
3853,10,569535.78,3617467.72
3854,10,569243.72,3617258.47
3967,10,568264.41,3615867.46
3968,10,568237.8,3615879.25
3969,10,568031.38,3615460.77
3970,10,568103.6,3616183.76
3971,10,567925.31,3616398.17
3972,10,567771.18,3616631.93
3973,10,567494.3,3617091.24
3974,10,567335.71,3617350.14
3975,10,567334.07,3617314.32
3976,10,567567.64,3616907.15
3977,10,567791.45,3616560.67
3978,10,567935.27,3616354.45
3979,10,568360.83,3615248.95
3980,10,567996.7,3614868.97
3981,10,567774.6,3614642.51
3982,10,567638.71,3614396.8
3983,10,567433.75,3614101.96
3984,10,567332.95,3613918.91
4062,10,567522.96,3617853.95
4089,10,569368.36,3615046.61
4093,10,569684.75,3617172.42
4183,10,568949.47,3614656.9
4184,10,568966.65,3614641.39
4250,10,567759.44,3617432.17
4251,10,567989.55,3617300.6
4252,10,568396.3,3617086.31
4253,10,568520.83,3616959.01
4254,10,568526.87,3616994.42
4255,10,568029.4,3617300.42
4257,10,567801.42,3617421.48
4258,10,567578.18,3617606.1
1595,9,559043.13,3614212.06
1605,9,556767.14,3613589.09
1606,9,556357.13,3615112.64
1607,9,556813.5,3612760.68
1608,9,556844.22,3612522.28
1609,9,557146.54,3612563.7
1610,9,556891.4,3612536.96
1611,9,556833.23,3612770.43
2057,9,560151.2,3612095.16
2142,9,560317.95,3613213.2
3257,9,557957.49,3612651.97
3467,9,557154.88,3612549.33
3468,9,557377.78,3612605.49
3469,9,557423.31,3612597.66
3470,9,557658.44,3612613.32
3471,9,557664.18,3612593.29
3473,9,558021.47,3612521.31
3474,9,557877.21,3612603.5
3475,9,558403.05,3612624.98
3476,9,558252.72,3612606.58
3477,9,558604.22,3612706.86
3479,9,558929.78,3612687.72
3480,9,558851.4,3612714.75
3481,9,559158.64,3612731.98
3482,9,559213.7,3612777.21
3483,9,559553.42,3612726.57
3484,9,559652.98,3612765.97
3485,9,560080.11,3612715.33
3486,9,560141.84,3612744.19
3491,9,553533.9,3612213.82
3492,9,553308.88,3612235.56
3493,9,554140.59,3612326.29
3494,9,554119.47,3612365.09
3495,9,554531.18,3612404.14
3496,9,554445.16,3612424.18
3498,9,554940.16,3612513.7
3499,9,555328.46,3612578.93
3500,9,555362.05,3612558.28
3501,9,555865.04,3612643.12
3502,9,555783.98,3612664.28
3503,9,556752.09,3612805.89
3505,9,557244.72,3612893.07
3506,9,556736.96,3612827.64
3508,9,557102.32,3612898.8
3509,9,557841.07,3612997.4
3510,9,557603.02,3612984.49
3511,9,558183.4,3613058.15
3512,9,558103.59,3613073.87
3513,9,558471.59,3613108.84
3514,9,558384.92,3613127.29
3515,9,558837.99,3613174.41
3516,9,558830.11,3613205.63
3517,9,559236.05,3613245.73
3518,9,559211.4,3613274.96
3519,9,559833.75,3613352.18
3520,9,559824.76,3613380.4
3522,9,555214.84,3612704.57
3523,9,555207.92,3612667.28
3524,9,554945.99,3613088.87
3525,9,554955.76,3613034.27
3526,9,554789.07,3613261.62
3527,9,554680.76,3613449.15
3528,9,554587.56,3613548.19
3551,9,556878.95,3615404.96
3553,9,557158.22,3615119.32
3555,9,557322.35,3614950.54
3557,9,557620.34,3614674.55
3558,9,557884.69,3614462.01
3559,9,558226.76,3614272.44
3561,9,558569.85,3614228.67
3563,9,559395.37,3614192.1
3565,9,559669.25,3614181.87
3567,9,560245.13,3614149.09
3624,9,560313.7,3613744.31
3631,9,558581.13,3612726.46
3633,9,560322.86,3612633.98
3765,9,557984.28,3612674.3
3766,9,558021.54,3612928.28
3767,9,557696.28,3613446.88
3768,9,557716.3,3613503.75
3769,9,557737.01,3613150.56
3770,9,557697.02,3613109.76
3771,9,557643.62,3613877.15
3772,9,557612.24,3613919.54
3773,9,557489.75,3614490.43
3774,9,557506.7,3614559.93
3966,9,558086.35,3612975.99
4004,9,556840.48,3612930.78
4014,9,556801.83,3613293.85
4040,9,556702.29,3613811.77
4041,9,556718.18,3613886.47
4240,9,556652.29,3614242.51
4241,9,556545.81,3614663.84
4242,9,556330.47,3615119.7
4243,9,556534.25,3614602.58
4244,9,556635,3614165.7
4245,9,556733.23,3613597.55
4246,9,556761.9,3613355.48
4247,9,556808.9,3612909.98
1645,13,557935.4,3608901.23
1734,13,555879.22,3608556.69
1735,13,555932.54,3608585.26
1736,13,556480.92,3608989.66
1919,13,554736.27,3608531.62
2060,13,559074.64,3611049.29
2061,13,558728.44,3610311.57
2075,13,558742.76,3610715.3
2129,13,558716.77,3609569.63
2877,13,558711.17,3609883.77
3051,13,558716.4,3609281.39
3128,13,558620.1,3609401.22
3129,13,558264.17,3609316.21
3130,13,557858.73,3608597.36
3131,13,558238.58,3609281.36
3132,13,558647.35,3609377.21
3133,13,558671.18,3608978.36
3190,13,558700.23,3608268.26
3195,13,554987.62,3608703.95
3247,13,556507.45,3609010.32
3263,13,554313.07,3610812.23
3271,13,555163.22,3609068.43
3272,13,555028.84,3608885.65
3358,13,558252.66,3608268.18
3360,13,557925.95,3608169.28
3361,13,558103,3608976.92
3362,13,557922.77,3608943.28
3363,13,558108.66,3608664.89
3364,13,558109.77,3608040.53
3368,13,558328.75,3608975.03
3373,13,557848.37,3608328.91
3374,13,557861.83,3608903.24
3376,13,557451.15,3608433.15
3377,13,557857.74,3608089.17
3378,13,557658.41,3607850.56
3379,13,557093.14,3608443.07
3380,13,557390.92,3607927.28
3381,13,556803.06,3608454.49
3382,13,556980.4,3608009.07
3383,13,555866.02,3608383.46
3384,13,556729.8,3608038.79
3385,13,555976.89,3608122.12
3386,13,556437.65,3608113.3
3387,13,556223.26,3608128.38
3401,13,557885.53,3609670.19
3416,13,556565.7,3608879.51
3417,13,556597.85,3608769.94
3418,13,556633.91,3608697.53
3419,13,556291.98,3608886.83
3420,13,554735.28,3608559.33
3421,13,554186.83,3608719.74
3429,13,554515.43,3608784.72
3430,13,554487.59,3608814.61
3432,13,554109.95,3609125.73
3433,13,554276.57,3609246.48
3434,13,554252.72,3609251.34
3435,13,554443.9,3609393.17
3436,13,554918.06,3608692.7
3439,13,555310.8,3608594.1
3440,13,555308.87,3608620.14
3446,13,556384.46,3609390.1
3447,13,554899.53,3608718.21
3448,13,556291,3609906.95
3449,13,556287.69,3609844.96
3450,13,556155.42,3610144.64
3451,13,556196.76,3610066.83
3452,13,555864.05,3610259.74
3453,13,555948.17,3610248.02
3454,13,555571.81,3610364.87
3455,13,555566.71,3610386.23
3456,13,555346.65,3610433.9
3457,13,555325.78,3610460.5
3458,13,555148.38,3610494.44
3459,13,555112.09,3610525.83
3460,13,554959.37,3610560.91
3461,13,554965.46,3610579.23
3462,13,554732.17,3610662.87
3463,13,554734.19,3610687.38
3464,13,554316.02,3610788.85
3465,13,554103.97,3610901.11
3521,13,554200.41,3608689.66
3534,13,558525.81,3608346.05
3595,13,558541.28,3608347.36
3603,13,558464.79,3608415.76
3620,13,554261.86,3608830.12
3632,13,555349.38,3608202.65
3639,13,558403.56,3608040.47
3656,13,555955.61,3608486.62
3671,13,558010.69,3608441.93
3677,13,556392.11,3609082.51
3684,13,556410.69,3609114.98
3691,13,557702.67,3608422.41
3694,13,557929.79,3609301.84
3801,13,557938.01,3609614.18
3804,13,558403.93,3608664.84
3805,13,558338.87,3608415.69
3806,13,558686.44,3608441.89
3808,13,558246.86,3608441.75
3815,13,554177.36,3608926.44
3823,13,554108.72,3610872.76
3837,13,556364.67,3609387.77
3907,13,556174.37,3608462.35
3908,13,556556.66,3608454.75
4050,13,558360.19,3610767.59
4051,13,558030.39,3610377.1
4052,13,557913.19,3610012.25
4054,13,557963.24,3609939.04
4055,13,558039.2,3610250
4056,13,558208.45,3610552.08
4057,13,558512.51,3610820.04
4101,13,554559.42,3607466.52
4102,13,555901.78,3608532.43
4104,13,556890.96,3609294.86
4105,13,557240.98,3609559.94
4106,13,557558.28,3609753.99
4107,13,558026.54,3609766.24
4108,13,558471.59,3609751.11
4109,13,558693.13,3609744.98
4122,13,558655.19,3609751.3
4123,13,558459.36,3609757.35
4124,13,557997.14,3609771.39
4125,13,557540.64,3609754.78
4126,13,557224.13,3609553.74
4127,13,556871.21,3609287.66
4128,13,556451.39,3608968.88
4129,13,555795.93,3608551.02
1499,2,555572.38,3620201.28
1500,2,555850.84,3619962.94
1589,2,555359.58,3619169.42
2401,2,552745.18,3622557.4
3011,2,554747.37,3620936.36
3569,2,555271.02,3618813.62
3570,2,555485.76,3618846.41
3571,2,555164.93,3618946.28
3572,2,555452.1,3619015.73
3574,2,555607.03,3618731.57
3576,2,555817.11,3618810.46
3577,2,555908.91,3618869.95
3579,2,556710.25,3619156.97
3580,2,556580.38,3619316.09
3583,2,556134.65,3619708.34
3606,2,555993.75,3619832.26
3610,2,555328.47,3620429.95
3614,2,554375.06,3621262.35
3617,2,553926.94,3621678.74
3619,2,553300.66,3622232.55
3622,2,552975.03,3622501.3
3623,2,552647.62,3622527.28
3654,2,550510.84,3624807.77
3655,2,550501.92,3624757.51
3728,2,556038.24,3618972.9
3738,2,556313.93,3619097.73
3824,2,555690.93,3620100.06
3825,2,556379.44,3619496.54
3921,2,551487.14,3625015.11
3922,2,555501.17,3619359.78
3964,2,552770.37,3622648.88
4016,2,550821.45,3624883.08
4034,2,550020.61,3624650.97
4036,2,550828.41,3624823.47
4088,2,551136.88,3624911.53
4100,2,551779.23,3624077.86
1510,15,572827.81,3618872.33
1511,15,573872.44,3618763.96
1512,15,574216.35,3618727.17
1647,15,571735.58,3613951.54
1648,15,571694.06,3614312.22
1649,15,571703.92,3613997.99
1650,15,571794.62,3613618.27
1651,15,572071.36,3613142.11
1719,15,572583.73,3612716.34
1720,15,572104.83,3612988.36
1721,15,571602.2,3613263.45
1722,15,571083.69,3613363.39
1723,15,570397.83,3613471.93
1724,15,569894.64,3613556.85
1725,15,569648.9,3613547.04
1726,15,569252.85,3613507.69
1727,15,568726.63,3613453.94
1728,15,568226.97,3613410.26
1743,15,568278,3613393.75
1746,15,573889.63,3617194.57
1747,15,575000.91,3614873.39
1898,15,570564.81,3612630.99
1924,15,580972.27,3616040.83
1925,15,580116.68,3614538.42
1926,15,579769.24,3613905.69
1927,15,579392.3,3613568.3
1928,15,579037.95,3613477.12
1929,15,576714.24,3613315.16
1930,15,576019.07,3613305.06
1934,15,579567.61,3613566.04
1961,15,579622.4,3613621.36
1962,15,579179.02,3613510.62
1996,15,571171.8,3613318.68
2313,15,575351.14,3617041.57
2367,15,567813.08,3613550.77
2402,15,571224.65,3618484.1
2403,15,573704.25,3613198.85
2406,15,572743.59,3612723.61
2407,15,571414.12,3614276.28
2409,15,571277.46,3613938.5
2410,15,571366.62,3614164.63
2424,15,571871.5,3613362.5
2425,15,572753.46,3612669.25
2440,15,573687.82,3613164.03
2447,15,573376.46,3616048.86
2450,15,573898.03,3616606.61
2451,15,573762.78,3616866.69
2475,15,573918.7,3617219.29
2486,15,573748.15,3616880
2488,15,573941.4,3616675.33
2492,15,572181.55,3618132.14
2493,15,571273.95,3618485.23
2525,15,574879.87,3614933.57
2531,15,574471.07,3614551.23
2544,15,574064.17,3614112.05
2551,15,573941.45,3613942.63
2553,15,573827.09,3613808.63
2567,15,573679.33,3613867.51
2571,15,572338.63,3611879.64
2578,15,572074.39,3611452.57
2579,15,571729.73,3611481.9
2587,15,570776.95,3610759.24
2591,15,571393.68,3612888.78
2593,15,571181.85,3612554.79
2604,15,570820.27,3610734.49
2611,15,571728.62,3611427.34
2620,15,572486.59,3612183.16
2621,15,573352.78,3613039.94
2622,15,573693.79,3613852.54
2624,15,573828.52,3613793.89
2629,15,573946.8,3613930.03
2636,15,574062.05,3614094.19
2637,15,574161.53,3614235.62
2662,15,574477.91,3614539.86
2673,15,574912.26,3614953.21
2870,15,573510.9,3612266.61
2885,15,572109.58,3612979.19
2886,15,572600.35,3612700.17
2893,15,569672.74,3613545.21
2895,15,569943.88,3613542.79
2896,15,570412.98,3613464.61
2897,15,571097.88,3613346.2
2898,15,571616.44,3613252.8
2917,15,568753.75,3613450.8
2918,15,569270.88,3613504.27
2938,15,568241.91,3613404.93
3094,15,571117.87,3614670.5
3095,15,570458.37,3614988.31
3096,15,570557.06,3615417.83
3098,15,568822.16,3613567.23
3099,15,568686.83,3613527.5
3202,15,571474.11,3613091.02
3248,15,570972.25,3613274.68
3250,15,570792.95,3613008.77
3251,15,570547.75,3612642.62
3253,15,570571.56,3612632.04
3261,15,571430.09,3618632.92
3264,15,570959.46,3613293.21
3274,15,570203.17,3612668.68
3275,15,570054.9,3612678.72
3276,15,569726.9,3612694.6
3277,15,570479.94,3611184.85
3278,15,569472.73,3612707.46
3279,15,569507.53,3612733.76
3281,15,569037.41,3612793.9
3284,15,568614.4,3612945.63
3285,15,568397.38,3612985.49
3302,15,569019.71,3610542.48
3634,15,570347.51,3610848.88
3643,15,571125.99,3612417.8
3649,15,569171.84,3610519.04
3652,15,569309.43,3610523.76
3661,15,569730.7,3612713.7
3663,15,570183.07,3610594.51
3679,15,570291.27,3610642.72
3680,15,570360.22,3610829.35
3692,15,571336.42,3612830.72
3710,15,571513.42,3609743.22
3711,15,571452.19,3609711.41
3712,15,571694.15,3610234.76
3713,15,571642.12,3610228.29
3714,15,571903.1,3610802.89
3715,15,571845.36,3610770.76
3716,15,572167.84,3611449.47
3717,15,572088.84,3611387.37
3718,15,572279.88,3611689.64
3719,15,572220.34,3611674.02
3720,15,572397.41,3611897.03
3721,15,572317.5,3611870.4
3722,15,572925.11,3612116.85
3723,15,572862.01,3612279.58
3724,15,572635.46,3612142.78
3725,15,572593.25,3612181.83
3776,15,570546.23,3611254.38
3778,15,570855.07,3611816.99
3779,15,570861.04,3611874.79
3780,15,570992.01,3612134.15
3781,15,570973.46,3612143.99
3782,15,571106.33,3612425.98
3800,15,570747.59,3612976.85
3813,15,571482.27,3613064.69
3848,15,570603.31,3615467.6
3883,15,570534.41,3612658.83
3918,15,571244.38,3612624.63
3929,15,572091.56,3613020.42
3931,15,572746.85,3612598.58
3932,15,572930.27,3612244.82
3943,15,571614.07,3614508.42
3944,15,571264.58,3613956.14
3945,15,571213.31,3613795.47
3946,15,571081.12,3613461.15
3947,15,571102.88,3613474.61
3989,15,573727.9,3612512.33
3996,15,577057.14,3613276.78
3997,15,576444.69,3613339.47
3998,15,574949.38,3612949.72
3999,15,573699.88,3612534.96
4008,15,570102.13,3612059.33
4064,15,570433.9,3614987.58
4065,15,571117.58,3614658.19
4066,15,571227.6,3613789.8
4067,15,569808.95,3611679.67
4068,15,569817.52,3611648.58
4072,15,570472.22,3612567.03
4073,15,570268.24,3612285.88
4074,15,570288.81,3612281.15
4075,15,570045.48,3612030.99
4076,15,570648.28,3614891.54
4077,15,570642.54,3614880.75
4085,15,571983.37,3611092.71
4087,15,570321.47,3610564.67
4137,15,574146.28,3614230.18
4138,15,573160.45,3612933.87
4139,15,573678.1,3613906.75
4140,15,573614.44,3614208.94
4141,15,573552.51,3614682.87
4142,15,573387.23,3616139.74
4143,15,572814.61,3617296.07
4144,15,572504.6,3617730.94
4145,15,572140.31,3618143.7
4146,15,572493.8,3617720
4147,15,572792.01,3617296.68
4148,15,573332.74,3616077.37
4149,15,573531.85,3614687.26
4150,15,573594.82,3614274.98
4151,15,573660.38,3613880.01
4152,15,573154.03,3612977.28
4153,15,572115.99,3613155.85
4154,15,571825.38,3613619.49
4155,15,571732.26,3614307.28
4157,15,571838.68,3611566.72
4158,15,570951.05,3610892.29
4159,15,570633.66,3610671.97
4160,15,571057.16,3610916.55
4161,15,571931.81,3611581.58
4162,15,571603.86,3614518.77
4163,15,571572.38,3610024.24
4168,15,571607.97,3610007.09
4170,15,572017.08,3611087.74
4171,15,571754.89,3610514.46
4172,15,571780.99,3610499.46
4185,15,569043.84,3614179.4
4186,15,569090.36,3614056.11
4187,15,568923.74,3613823.14
4188,15,569090.65,3614068.42
1515,16,577546.38,3618599.82
1516,16,577761.98,3618539.2
1517,16,577715.95,3618840.28
1518,16,578056.15,3618835.85
1519,16,578213.45,3618798.51
1520,16,578577.44,3618654.92
1521,16,578737.52,3618575.26
1522,16,578904.59,3618500.75
1523,16,579089.74,3618475.39
1524,16,579252.69,3618471.48
1525,16,579537.81,3618558.79
1526,16,579262.77,3619077
1527,16,579142.01,3618997.44
1528,16,578968.21,3618870.44
1529,16,579271.88,3619016.1
1530,16,579476.49,3618560.3
1531,16,579241.85,3618502.1
1532,16,579085.01,3618504.85
1533,16,578952.94,3618515.66
1534,16,578860.78,3618552.95
1535,16,578545.37,3618715.32
1536,16,578188.62,3618833.01
1537,16,578046.27,3618864.05
1538,16,577716.75,3618870
1539,16,577471.83,3618855.67
1540,16,577167.94,3618844.22
1541,16,574215.42,3618750.89
1542,16,573872.34,3618789.02
1543,16,572824.7,3618900.36
1744,16,581853.85,3616927
1745,16,587331.13,3610506.28
1749,16,565912.08,3600384.09
1789,16,579675.74,3601084.26
1790,16,579593.44,3600948.46
1791,16,578801.94,3600338.2
1792,16,578464.43,3600505.06
1793,16,578329.55,3600520.08
1794,16,578157.85,3600489.36
1795,16,577067.2,3600111.39
1796,16,576889.9,3600048.72
1797,16,576662.33,3600137.88
1798,16,576341.27,3600270.56
1799,16,576182.99,3600386.98
1800,16,575968.75,3600539.9
1801,16,575550.81,3601105.9
1802,16,575318.14,3601564.23
1803,16,574715.77,3602684.74
1804,16,574263.55,3603337.13
1815,16,574277.35,3603362.28
1816,16,574707.39,3602675.37
1817,16,575309.31,3601565.16
1818,16,575545.25,3601095.88
1819,16,575973.75,3600511.44
1820,16,576163.27,3600374.42
1821,16,576370.17,3600223.45
1822,16,576654.94,3600133.39
1823,16,576891,3600039.97
1824,16,577073.53,3600105.89
1825,16,578150.75,3600484.65
1826,16,578336.61,3600517.81
1827,16,578464.44,3600491.65
1828,16,578798.62,3600329.97
1829,16,579602.29,3600945.98
1830,16,579687.6,3601081.47
1831,16,579759.85,3601323.95
1835,16,573055.09,3619870.46
1836,16,574617.15,3620001.25
1837,16,576137.69,3620128.97
1838,16,577596.65,3620948.81
1839,16,577299.91,3622289.32
1840,16,577013.85,3624846.46
1841,16,579328.77,3625922.5
1842,16,579781.4,3626478.03
1843,16,579870.59,3626766.45
1844,16,579832.17,3627012.49
1845,16,579480.35,3626935.05
1846,16,579219.62,3627284.42
1847,16,579275,3627526.88
1848,16,579428.1,3627517.69
1849,16,579680.75,3627323.81
1850,16,580001.58,3627258.88
1851,16,580128.02,3627443.5
1852,16,580042.4,3627585.27
1853,16,579831.68,3627782.58
1854,16,579437.34,3627977.87
1855,16,579327.49,3627801.81
1856,16,579242.68,3627598.58
1857,16,578796.03,3627541.47
1858,16,578596.36,3627412.05
1859,16,578429.87,3627194.76
1860,16,578360.3,3626991.54
1861,16,578533.28,3626838.7
1862,16,578792.24,3626781.21
1863,16,578088.89,3626252.79
1864,16,578266.27,3626017.6
1865,16,578489.79,3625837.21
1866,16,579171.82,3626573.7
1867,16,579107.14,3626416.31
1868,16,579309.15,3625903.6
1869,16,579241.27,3625372.45
1870,16,577028.85,3624881.5
1871,16,577230.65,3622423.48
1872,16,577595.37,3620837.16
1873,16,576115.06,3620158.73
1874,16,574586.92,3620032.95
1875,16,573028.93,3619897.42
1897,16,552400.18,3611834.42
1901,16,551578.62,3608029.34
1902,16,551329.65,3607616.11
1903,16,551145.7,3607311.97
1904,16,550814.61,3606858.97
1905,16,550471.52,3606450.83
1906,16,550147.7,3606070.73
1907,16,549505.03,3605255.71
1908,16,549418.62,3604983.13
1909,16,548833.45,3604053.26
1910,16,548851.5,3604029.18
1911,16,549422.46,3604928.16
1912,16,549535.72,3605274.15
1913,16,550156,3606042.28
1914,16,550490.92,3606438.18
1915,16,550871.19,3606897.4
1916,16,551160.84,3607287.21
1917,16,551331.67,3607570.45
1918,16,551546.92,3607934.95
1920,16,581756.16,3616790.27
1921,16,581659.7,3616651.67
1922,16,581582.5,3616541.06
1923,16,581336.08,3616338.15
1931,16,578986.42,3613423.5
1932,16,579235.03,3613485.12
1933,16,579379.83,3613521.19
1935,16,580355.3,3614810.64
1936,16,580939.87,3615873.71
1937,16,581161.85,3616260.56
1938,16,581374.39,3616331.26
1939,16,581590.93,3616531.15
1940,16,581668.5,3616641.54
1941,16,581776.61,3616799.75
1942,16,581868.42,3616934.21
1943,16,583535.9,3616750.51
1944,16,587126.47,3610640.2
1945,16,586568.19,3610929.57
1946,16,585472.82,3611696.19
1947,16,584931.76,3611925.94
1948,16,583538.28,3612500.76
1949,16,583393.45,3612725.16
1950,16,583453.44,3612831.1
1951,16,584021.19,3614096.77
1952,16,584034.65,3614390.68
1953,16,584095.43,3614466.69
1954,16,584321.56,3614497.54
1955,16,584548.95,3614532.84
1957,16,584191.52,3614814.3
1958,16,583212.41,3614534
1959,16,582572.26,3614367.69
1960,16,580490.06,3613836.54
1963,16,580456.54,3613794.92
1964,16,582625,3614351.6
1965,16,583522.3,3614583.93
1966,16,584017.84,3614704.29
1968,16,584549.53,3614552.58
1969,16,584342.28,3614520.11
1970,16,584094.6,3614488.08
1971,16,584006.28,3614440.77
1972,16,583983.92,3614101.33
1973,16,583429.2,3612836.55
1974,16,583347.37,3612695.5
1975,16,583536.11,3612491.31
1976,16,585423.05,3611702.64
1977,16,586577.28,3610909.25
1978,16,587086.92,3610646.28
1979,16,582114.22,3623332.55
1980,16,581946.93,3623269.86
1981,16,581462.01,3622909.54
1982,16,580708.6,3621904.9
1983,16,580486.59,3621074.25
1984,16,578629.8,3620365.9
1985,16,577724.16,3620294.47
1986,16,577760.47,3620265.71
1987,16,578703.98,3620347.53
1988,16,580516.32,3621083.92
1989,16,580732.85,3621895.68
1990,16,581544.95,3622976.18
1991,16,581936.58,3623240.95
1997,16,583407.33,3614505.92
1998,16,582563.28,3611184.51
1999,16,582319.4,3610932.15
2000,16,582207.77,3610749.63
2001,16,582481.45,3610270.84
2002,16,582521.58,3609921.39
2003,16,583803.14,3608285.38
2004,16,584822.96,3603480.72
2005,16,585406.73,3602997.11
2006,16,586670.03,3602245.11
2007,16,586909.55,3602289.32
2008,16,587094.19,3602294.37
2009,16,587443.41,3602442.32
2010,16,587598.71,3602485.47
2011,16,587822.3,3602566.71
2012,16,588087.79,3602645.65
2013,16,588327.87,3602698.66
2014,16,588218.05,3603354.8
2015,16,588350.55,3603755.54
2016,16,588402.73,3603948.57
2017,16,593126.94,3602905.53
2018,16,593481.71,3602789.66
2019,16,595530.32,3601830.5
2020,16,595649.04,3601690.61
2021,16,595678.71,3601573.04
2022,16,595704.55,3601384.69
2023,16,595708.44,3601283.18
2024,16,595663.07,3601136.73
2025,16,595695.3,3601155.11
2026,16,595721.59,3601283.08
2027,16,595720.91,3601402.81
2028,16,595697.1,3601564.56
2029,16,595660.82,3601715.33
2030,16,595518.32,3601848.34
2031,16,593510.84,3602797.25
2032,16,593151.57,3602912.19
2033,16,591773.06,3603362.76
2034,16,588388.39,3603966.74
2036,16,588341.44,3603776.19
2037,16,588207.42,3603357.03
2038,16,588370.7,3602750.59
2039,16,588088.35,3602668.05
2040,16,587822.34,3602583.56
2041,16,587606.91,3602513.15
2042,16,587436.34,3602456.56
2043,16,586937.76,3602306.09
2045,16,585408.81,3603016.86
2046,16,584825.86,3603515.01
2047,16,583812.28,3608292.88
2048,16,582533.16,3609894.22
2052,16,582486.75,3610275.77
2062,16,582207.61,3610701.29
2063,16,582277.71,3610868.95
2064,16,582586.53,3611197.67
2108,16,582615.27,3602009.78
2115,16,588697.31,3600563.63
2116,16,597244.63,3598892.23
2117,16,596868.2,3598946.01
2119,16,596713.27,3598949.83
2121,16,596558.16,3598952.77
2122,16,596268.5,3598960.4
2123,16,594363.73,3599008.34
2126,16,592325.09,3599551.42
2127,16,592182.47,3599596.67
2131,16,588783.42,3600564.18
2134,16,588042.52,3600792.22
2136,16,587246.48,3601026.16
2137,16,586453.3,3601074.37
2141,16,586341,3601072.85
2143,16,584700.27,3601241.19
2151,16,582966.3,3601834.64
2156,16,582665.36,3602039.46
2279,16,582147.77,3602340.3
2281,16,581824.85,3602526.67
2282,16,581615.55,3602597.8
2284,16,579560.11,3603484.44
2285,16,579142.92,3603754.96
2288,16,583791.51,3616558.98
2308,16,583356.82,3616874.85
2317,16,548540.63,3620097.47
2331,16,547911.34,3620094.75
2337,16,547599.73,3619979.06
2352,16,548069.11,3619832.33
2359,16,548463.54,3619936.68
2360,16,548490.2,3619850.45
2372,16,550032.52,3619069.77
2851,16,547418.75,3619784.19
3046,16,549216.62,3604643.57
3047,16,552303.88,3608556.7
3056,16,569971.32,3603771.88
3057,16,569945.07,3603566.71
3058,16,569940.95,3603362.81
3059,16,570187.91,3603235.16
3060,16,570314.28,3603353.12
3061,16,570423.79,3603614.2
3062,16,570551.42,3603859.44
3063,16,570710,3604160.44
3064,16,571012.31,3604260.14
3065,16,570979.11,3604480.19
3066,16,570890.8,3604675.9
3067,16,570760.21,3604956.79
3068,16,570629.07,3605237.67
3071,16,570618.39,3605207.33
3072,16,570745.74,3604932.29
3073,16,570870.16,3604661.12
3074,16,570949.73,3604466.57
3075,16,570940.61,3604310.41
3076,16,570682.03,3604159.8
3077,16,570542.36,3603891.74
3078,16,570397.99,3603611.47
3079,16,570292.23,3603432.68
3080,16,570100.92,3603041.99
3081,16,570217.49,3602979.95
3082,16,570309.04,3602937.91
3083,16,570377.22,3602894.26
3084,16,570299.52,3602689.73
3085,16,570210.91,3602460.29
3086,16,570282.03,3602960.89
3087,16,569482.63,3602716.28
3088,16,569963.16,3603368.51
3089,16,569958.02,3603566.25
3090,16,569985.17,3603778.85
3104,16,565847.73,3599118.64
3105,16,568450.81,3595827.81
3106,16,568612.51,3595715.95
3196,16,554974.21,3615975.71
3221,16,547630.62,3619712.93
3244,16,567132.79,3597441.33
3249,16,565821.25,3599817.77
3252,16,566022.4,3600217.42
3254,16,566318.64,3600774.34
3255,16,566140.5,3600818.06
3258,16,579116.99,3618949.57
3325,16,554940.33,3615880.41
3348,16,560994.86,3625523.24
3350,16,560792.67,3626066
3359,16,560709.67,3626206.07
3370,16,560989.47,3625470.1
3422,16,553986.68,3608742.38
3423,16,553689.94,3608842.66
3424,16,553126.75,3608852.72
3425,16,552837.72,3608651.64
3426,16,552564.98,3608596.21
3427,16,552299.04,3608586.72
3428,16,549257.65,3604660.74
3431,16,554045.11,3609057.09
3438,16,551859.45,3608535.43
3441,16,551946.09,3608474.13
3443,16,552552.28,3608567.21
3444,16,552793.01,3608608.28
3478,16,553108.5,3608721.59
3487,16,552772.52,3612122.84
3488,16,552408.52,3611835.57
3489,16,552695.54,3612064.46
3490,16,553477.91,3608891.85
3507,16,553998.85,3608711.85
3529,16,554541.97,3614372.96
3530,16,554567.61,3614382.52
3531,16,554707.87,3614845.8
3532,16,554699.8,3614745.1
3533,16,554599.42,3614583.58
3535,16,553615.64,3616053.33
3536,16,553563.46,3616028.1
3537,16,553988.65,3615992.49
3538,16,554114.69,3615935.19
3539,16,554355.37,3615899.81
3540,16,554452.67,3615919.85
3541,16,554617.64,3615858.9
3542,16,554664.21,3615881.44
3543,16,555134.92,3615770.63
3544,16,555134.32,3615794.68
3689,16,566162.75,3598561.43
3756,16,550183.49,3619630.27
3757,16,550252.56,3620242.23
3758,16,550128.97,3620331.96
3759,16,549723.45,3620410.96
3760,16,549573.2,3620340.47
3761,16,549599.6,3620138.95
3762,16,549772.98,3620045.7
3814,16,585798.3,3614965.06
3836,16,585817.35,3614931.18
3838,16,565500.6,3599722.21
3898,16,567075.04,3597466.33
3899,16,567821.03,3596583.36
3901,16,554603.74,3614548.12
3953,16,567459.17,3597056.06
3954,16,566143.02,3598646.99
3955,16,565880.49,3599135.82
3956,16,565575.71,3599740.44
3957,16,565188.56,3600525.02
3958,16,550116.86,3620373.91
3963,16,550016.31,3619106.28
4037,16,567977.67,3596439.31
4038,16,550296.79,3619446.92
4042,16,550132.18,3619156.97
4090,16,583925.36,3601331.99
4097,16,605176.38,3617784.96
4132,16,554304.79,3607268.91
4167,16,554781.49,3607901.41
4181,16,536605.01,3613902.61
4182,16,583875.88,3599954.08
4189,16,553198.53,3616104.86
4190,16,553133.81,3616092.09
138,7,563130.93,3616996.96
139,7,563130.93,3616996.96
140,7,563015.15,3615925.61
141,7,563015.15,3615925.61
143,1,562927.37,3615124.98
144,1,562850.11,3614394.58
145,1,562765.84,3613579.91
146,3,562664,3612596.68
147,5,562540.23,3611495.56
148,5,562411.17,3610229.91
149,5,562344.45,3609615.39
150,5,562344.45,3609615.39
151,5,562253.15,3608835.83
152,5,562175.9,3608024.67
153,5,562583.24,3607259.15
154,5,562818.51,3606124.93
126,12,557012.6,3619438.49
127,8,558222.61,3619813.37
128,8,558222.61,3619813.37
129,8,559504.46,3619960.75
130,8,559504.46,3619960.75
131,8,560349.63,3619997.18
132,8,560349.63,3619997.18
133,8,561637.98,3619868.29
134,8,561637.98,3619868.29
135,8,562395.97,3618967.34
137,8,562843.09,3618183.53
